Symbol,Name,LastSale,MarketCap,ADR TSO,IPOyear,Sector,Industry,Summary Quote
VNET,"21Vianet Group, Inc.",5.43,334514900.22,61604954,2011,Technology,"Computer Software: Programming, Data Processing",https://www.nasdaq.com/symbol/vnet
TWOU,"2U, Inc.",80.33,4234659491.03,n/a,2014,Technology,Computer Software: Prepackaged Software,https://www.nasdaq.com/symbol/twou
DDD,3D Systems Corporation,10.27,1168778038.09,n/a,n/a,Technology,Computer Software: Prepackaged Software,https://www.nasdaq.com/symbol/ddd
JOBS,"51job, Inc.",81.34,2963718149.14,36436171,2004,Technology,Diversified Commercial Services,https://www.nasdaq.com/symbol/jobs
WUBA,58.com Inc.,84.11,12362703542.15,n/a,2013,Technology,"Computer Software: Programming, Data Processing",https://www.nasdaq.com/symbol/wuba
ATEN,"A10 Networks, Inc.",6.17,436536446.5,n/a,2014,Technology,Computer Communications Equipment,https://www.nasdaq.com/symbol/aten
AAN,"Aaron&#39;s,  Inc.",41.79,3033047198.79,n/a,n/a,Technology,Diversified Commercial Services,https://www.nasdaq.com/symbol/aan
ACIA,"Acacia Communications, Inc.",28.28,1132990265.4,n/a,2016,Technology,Semiconductors,https://www.nasdaq.com/symbol/acia
ACIW,"ACI Worldwide, Inc.",23.53,2727243449.97,n/a,n/a,Technology,Computer Software: Prepackaged Software,https://www.nasdaq.com/symbol/aciw
ACMR,"ACM Research, Inc.",10.09,155411285.54,n/a,2017,Technology,Industrial Machinery/Components,https://www.nasdaq.com/symbol/acmr
ATVI,"Activision Blizzard, Inc",65.79,49910377108.77,n/a,n/a,Technology,Computer Software: Prepackaged Software,https://www.nasdaq.com/symbol/atvi
ATU,Actuant Corporation,23.5,1426131222.5,n/a,n/a,Technology,Industrial Machinery/Components,https://www.nasdaq.com/symbol/atu
ACXM,Acxiom Corporation,26.18,2046087558.9,n/a,n/a,Technology,EDP Services,https://www.nasdaq.com/symbol/acxm
IOTS,Adesto Technologies Corporation,8.7,186125859.9,n/a,2015,Technology,Semiconductors,https://www.nasdaq.com/symbol/iots
ADBE,Adobe Systems Incorporated,221.9,109279167336.5,n/a,1986,Technology,Computer Software: Prepackaged Software,https://www.nasdaq.com/symbol/adbe
AMD,"Advanced Micro Devices, Inc.",11.11,10767053609.18,n/a,n/a,Technology,Semiconductors,https://www.nasdaq.com/symbol/amd
AER,Aercap Holdings N.V.,52.59,8045854591.59,n/a,2006,Technology,Diversified Commercial Services,https://www.nasdaq.com/symbol/aer
ACY,AeroCentury Corp.,15.85,22454679.15,n/a,n/a,Technology,Diversified Commercial Services,https://www.nasdaq.com/symbol/acy
HIVE,"Aerohive Networks, Inc.",4.08,222873769.92,n/a,2014,Technology,EDP Services,https://www.nasdaq.com/symbol/hive
AGYS,"Agilysys, Inc.",11.84,276027767.04,n/a,n/a,Technology,EDP Services,https://www.nasdaq.com/symbol/agys
AGMH,AGM Group Holdings Inc.,10.47,224162700,n/a,2018,Technology,EDP Services,https://www.nasdaq.com/symbol/agmh
AL,Air Lease Corporation,42.35,4402217746.85,n/a,2011,Technology,Diversified Commercial Services,https://www.nasdaq.com/symbol/al
AYR,Aircastle Limited,19.78,1553458536.96,n/a,2006,Technology,Diversified Commercial Services,https://www.nasdaq.com/symbol/ayr
AIRG,"Airgain, Inc.",8.09,77999904.89,n/a,2016,Technology,Radio And Television Broadcasting And Communications Equipment,https://www.nasdaq.com/symbol/airg
AMCN,AirMedia Group Inc,0.67,30269091.83,45177749,2007,Technology,Advertising,https://www.nasdaq.com/symbol/amcn
ALRM,"Alarm.com Holdings, Inc.",40.27,1900978250.59,n/a,2015,Technology,Computer Software: Prepackaged Software,https://www.nasdaq.com/symbol/alrm
ALLT,Allot Communications Ltd.,5.135,172473424.89,n/a,2006,Technology,Computer Communications Equipment,https://www.nasdaq.com/symbol/allt
MDRX,"Allscripts Healthcare Solutions, Inc.",12.14,2160344648.98,n/a,n/a,Technology,EDP Services,https://www.nasdaq.com/symbol/mdrx
AOSL,Alpha and Omega Semiconductor Limited,15.15,362813351.4,n/a,2010,Technology,Semiconductors,https://www.nasdaq.com/symbol/aosl
GOOG,Alphabet Inc.,1030.05,715419953328.15,n/a,2004,Technology,"Computer Software: Programming, Data Processing",https://www.nasdaq.com/symbol/goog
GOOGL,Alphabet Inc.,1031.45,716392321596.35,n/a,n/a,Technology,"Computer Software: Programming, Data Processing",https://www.nasdaq.com/symbol/googl
AABA,Altaba Inc.,69.73,56473756469.14,n/a,n/a,Technology,EDP Services,https://www.nasdaq.com/symbol/aaba
ALTR,Altair Engineering Inc.,28.96,1831232313.6,n/a,2017,Technology,Computer Software: Prepackaged Software,https://www.nasdaq.com/symbol/altr
AYX,"Alteryx, Inc.",30.62,1844029423.56,n/a,2017,Technology,Computer Software: Prepackaged Software,https://www.nasdaq.com/symbol/ayx
AMBA,"Ambarella, Inc.",46.75,1572450836,n/a,2012,Technology,Semiconductors,https://www.nasdaq.com/symbol/amba
AMBR,"Amber Road, Inc.",8.98,245350204.02,n/a,2014,Technology,Computer Software: Prepackaged Software,https://www.nasdaq.com/symbol/ambr
DOX,Amdocs Limited,67.38,9663841740,n/a,n/a,Technology,EDP Services,https://www.nasdaq.com/symbol/dox
AMRH,"Ameri Holdings, Inc.",1.14,21421737.72,n/a,n/a,Technology,Semiconductors,https://www.nasdaq.com/symbol/amrh
AMRHW,"Ameri Holdings, Inc.",0.1801,0,n/a,n/a,Technology,Semiconductors,https://www.nasdaq.com/symbol/amrhw
AMSWA,"American Software, Inc.",12.67,385251026.51,n/a,n/a,Technology,Computer Software: Prepackaged Software,https://www.nasdaq.com/symbol/amswa
AMKR,"Amkor Technology, Inc.",8.45,2023750993.55,n/a,1998,Technology,Semiconductors,https://www.nasdaq.com/symbol/amkr
AMN,AMN Healthcare Services Inc,66.4,3175162144.8,n/a,n/a,Technology,Professional Services,https://www.nasdaq.com/symbol/amn
ASYS,"Amtech Systems, Inc.",6.88,102484507.52,n/a,n/a,Technology,Industrial Machinery/Components,https://www.nasdaq.com/symbol/asys
ADI,"Analog Devices, Inc.",87.68,32424378683.52,n/a,n/a,Technology,Semiconductors,https://www.nasdaq.com/symbol/adi
ANSS,"ANSYS, Inc.",162.8,13684824898.8,n/a,1996,Technology,Computer Software: Prepackaged Software,https://www.nasdaq.com/symbol/anss
APPF,"AppFolio, Inc.",47.75,1629171458.5,n/a,2015,Technology,Computer Software: Prepackaged Software,https://www.nasdaq.com/symbol/appf
APPN,Appian Corporation,26.91,1634550831.81,n/a,2017,Technology,Computer Software: Prepackaged Software,https://www.nasdaq.com/symbol/appn
AAPL,Apple Inc.,162.32,823613790160,n/a,1980,Technology,Computer Manufacturing,https://www.nasdaq.com/symbol/aapl
AMAT,"Applied Materials, Inc.",49.4,51903962549.4,n/a,1972,Technology,Semiconductors,https://www.nasdaq.com/symbol/amat
AAOI,"Applied Optoelectronics, Inc.",33.76,658344577.28,n/a,2013,Technology,Semiconductors,https://www.nasdaq.com/symbol/aaoi
APTI,"Apptio, Inc.",28.88,1255134850.24,n/a,2016,Technology,Computer Software: Prepackaged Software,https://www.nasdaq.com/symbol/apti
AQ,Aquantia Corp.,10.47,350992961.01,n/a,2017,Technology,Semiconductors,https://www.nasdaq.com/symbol/aq
ANET,"Arista Networks, Inc.",262.75,19538649132,n/a,2014,Technology,Computer Communications Equipment,https://www.nasdaq.com/symbol/anet
ARRS,ARRIS International plc,27.31,5058868651.21,n/a,n/a,Technology,Radio And Television Broadcasting And Communications Equipment,https://www.nasdaq.com/symbol/arrs
ASGN,ASGN Incorporated,81.29,4241382081.31,n/a,1992,Technology,Professional Services,https://www.nasdaq.com/symbol/asgn
ASML,ASML Holding N.V.,191.75,14172149117.75,73909513,1995,Technology,Industrial Machinery/Components,https://www.nasdaq.com/symbol/asml
AZPN,"Aspen Technology, Inc.",89.79,6459396075.75,n/a,1994,Technology,EDP Services,https://www.nasdaq.com/symbol/azpn
ALOT,"AstroNova, Inc.",17.55,119325363.3,n/a,1983,Technology,Computer peripheral equipment,https://www.nasdaq.com/symbol/alot
ASUR,Asure Software Inc,15.07,189641422.52,n/a,n/a,Technology,EDP Services,https://www.nasdaq.com/symbol/asur
TEAM,Atlassian Corporation Plc,55.42,12870730214.78,n/a,2015,Technology,Computer Software: Prepackaged Software,https://www.nasdaq.com/symbol/team
ATOM,Atomera Incorporated,5.11,63165062.59,n/a,2016,Technology,Semiconductors,https://www.nasdaq.com/symbol/atom
ATTU,Attunity Ltd.,8.88,184099875.84,n/a,n/a,Technology,Computer Software: Prepackaged Software,https://www.nasdaq.com/symbol/attu
AUO,AU Optronics Corp,4.06,3907443514.66,n/a,2002,Technology,Semiconductors,https://www.nasdaq.com/symbol/auo
ADSK,"Autodesk, Inc.",126.64,27649040443.68,n/a,n/a,Technology,Computer Software: Prepackaged Software,https://www.nasdaq.com/symbol/adsk
ATHM,Autohome Inc.,94.9,11116667234.4,n/a,2013,Technology,EDP Services,https://www.nasdaq.com/symbol/athm
ADP,"Automatic Data Processing, Inc.",119.88,53139166481.16,n/a,n/a,Technology,EDP Services,https://www.nasdaq.com/symbol/adp
AUTO,"AutoWeb, Inc.",3.65,47722136.7,n/a,n/a,Technology,"Computer Software: Programming, Data Processing",https://www.nasdaq.com/symbol/auto
AVNW,"Aviat Networks, Inc.",16.74,89405845.74,n/a,n/a,Technology,Radio And Television Broadcasting And Communications Equipment,https://www.nasdaq.com/symbol/avnw
AVID,"Avid Technology, Inc.",4.39,182097362.43,n/a,1993,Technology,Computer Software: Prepackaged Software,https://www.nasdaq.com/symbol/avid
AWRE,"Aware, Inc.",3.95,85109931.1,n/a,1996,Technology,Computer Software: Prepackaged Software,https://www.nasdaq.com/symbol/awre
ACLS,"Axcelis Technologies, Inc.",21.75,698918110.5,n/a,2000,Technology,Industrial Machinery/Components,https://www.nasdaq.com/symbol/acls
AXTI,AXT Inc,5.8,228741948.6,n/a,1998,Technology,Semiconductors,https://www.nasdaq.com/symbol/axti
BOSC,B.O.S. Better Online Solutions,2.219,7448492.891,n/a,n/a,Technology,Computer Communications Equipment,https://www.nasdaq.com/symbol/bosc
BIDU,"Baidu, Inc.",251.93,70725926290.6,280736420,2005,Technology,"Computer Software: Programming, Data Processing",https://www.nasdaq.com/symbol/bidu
BAND,Bandwidth Inc.,32.17,569166406.03,n/a,2017,Technology,Computer Software: Prepackaged Software,https://www.nasdaq.com/symbol/band
BBSI,"Barrett Business Services, Inc.",88.39,645608073.15,n/a,1993,Technology,Professional Services,https://www.nasdaq.com/symbol/bbsi
BHE,"Benchmark Electronics, Inc.",26.65,1267725309.5,n/a,n/a,Technology,Electrical Products,https://www.nasdaq.com/symbol/bhe
BNFT,"Benefitfocus, Inc.",29.9,949529396.4,n/a,2013,Technology,Computer Software: Prepackaged Software,https://www.nasdaq.com/symbol/bnft
BGSF,BG Staffing Inc,18.75,164324343.75,n/a,n/a,Technology,Professional Services,https://www.nasdaq.com/symbol/bgsf
BILI,Bilibili Inc.,10.61,445620000,42000000,2018,Technology,EDP Services,https://www.nasdaq.com/symbol/bili
BKYI,"BIO-key International, Inc.",2.12,22605799.56,n/a,n/a,Technology,Computer Communications Equipment,https://www.nasdaq.com/symbol/bkyi
BITA,Bitauto Holdings Limited,19.87,1425196116.75,n/a,2010,Technology,EDP Services,https://www.nasdaq.com/symbol/bita
BBOX,Black Box Corporation,2,30278980,n/a,n/a,Technology,Computer Communications Equipment,https://www.nasdaq.com/symbol/bbox
BKI,"Black Knight, Inc.",48.6,7244518321.8,n/a,2017,Technology,Computer Software: Prepackaged Software,https://www.nasdaq.com/symbol/bki
BLKB,"Blackbaud, Inc.",105.89,5138326862.82,n/a,2004,Technology,Computer Software: Prepackaged Software,https://www.nasdaq.com/symbol/blkb
BB,BlackBerry Limited,10.45,5608732056.95,n/a,n/a,Technology,Computer Software: Prepackaged Software,https://www.nasdaq.com/symbol/bb
BL,"BlackLine, Inc.",40.97,2189525909.75,n/a,2016,Technology,Computer Software: Prepackaged Software,https://www.nasdaq.com/symbol/bl
BDR,"Blonder Tongue Laboratories, Inc.",1.1,9031817.3,n/a,n/a,Technology,Radio And Television Broadcasting And Communications Equipment,https://www.nasdaq.com/symbol/bdr
BRQS,"Borqs Technologies, Inc. ",8,250460176,n/a,2015,Technology,EDP Services,https://www.nasdaq.com/symbol/brqs
EPAY,"Bottomline Technologies, Inc.",39.35,1600775746.85,n/a,1999,Technology,Computer Software: Prepackaged Software,https://www.nasdaq.com/symbol/epay
BOX,"Box, Inc.",22.6,3107739966.8,n/a,2015,Technology,Computer Software: Prepackaged Software,https://www.nasdaq.com/symbol/box
BLIN          ,"Bridgeline Digital, Inc.",1.6351,6867778.0869,n/a,n/a,Technology,Computer Software: Prepackaged Software,https://www.nasdaq.com/symbol/blin
BCOV,Brightcove Inc.,9.25,323593203.25,n/a,2012,Technology,EDP Services,https://www.nasdaq.com/symbol/bcov
AVGO,Broadcom Inc.,232.78,95614847068.3,n/a,2009,Technology,Semiconductors,https://www.nasdaq.com/symbol/avgo
BVSN,"BroadVision, Inc.",2.175,10863881.4,n/a,1996,Technology,Computer Software: Prepackaged Software,https://www.nasdaq.com/symbol/bvsn
BRKS,"Brooks Automation, Inc.",25.19,1774121195.77,n/a,1995,Technology,Industrial Machinery/Components,https://www.nasdaq.com/symbol/brks
CA,CA Inc.,34.88,14542316235.52,n/a,n/a,Technology,Computer Software: Prepackaged Software,https://www.nasdaq.com/symbol/ca
CCMP,Cabot Microelectronics Corporation,101.15,2590356419,n/a,2000,Technology,Semiconductors,https://www.nasdaq.com/symbol/ccmp
CACI,"CACI International, Inc.",153.35,3776689231.75,n/a,n/a,Technology,EDP Services,https://www.nasdaq.com/symbol/caci
CDNS,"Cadence Design Systems, Inc.",39.96,11318100370.2,n/a,n/a,Technology,Computer Software: Prepackaged Software,https://www.nasdaq.com/symbol/cdns
CAI,"CAI International, Inc.",23.06,472557488.14,n/a,n/a,Technology,Diversified Commercial Services,https://www.nasdaq.com/symbol/cai
CAMP,CalAmp Corp.,19.76,703942392.4,n/a,1983,Technology,Radio And Television Broadcasting And Communications Equipment,https://www.nasdaq.com/symbol/camp
CSIQ,Canadian Solar Inc.,15.9,919539500.7,n/a,2006,Technology,Semiconductors,https://www.nasdaq.com/symbol/csiq
CARB,"Carbonite, Inc.",30.95,883571525.35,n/a,2011,Technology,EDP Services,https://www.nasdaq.com/symbol/carb
CDLX,"Cardlytics, Inc.",13.41,268141760.37,n/a,2018,Technology,"Computer Software: Programming, Data Processing",https://www.nasdaq.com/symbol/cdlx
CARG,"CarGurus, Inc.",30.52,4100099466.96,n/a,2017,Technology,EDP Services,https://www.nasdaq.com/symbol/carg
CARS,Cars.com Inc.,28.55,2051734872.45,n/a,2017,Technology,EDP Services,https://www.nasdaq.com/symbol/cars
CASA,"Casa Systems, Inc.",22.81,1860846209.61,n/a,2017,Technology,Radio And Television Broadcasting And Communications Equipment,https://www.nasdaq.com/symbol/casa
CSLT,"Castlight Health, inc.",3.9,527569863.6,n/a,2014,Technology,EDP Services,https://www.nasdaq.com/symbol/cslt
CAVM,"Cavium, Inc.",76.15,5318999293.95,n/a,2007,Technology,Semiconductors,https://www.nasdaq.com/symbol/cavm
CLS,"Celestica, Inc.",11.23,1395046166.04,n/a,1998,Technology,Electrical Products,https://www.nasdaq.com/symbol/cls
CRNT,Ceragon Networks Ltd.,2.63,205484472.14,n/a,n/a,Technology,Radio And Television Broadcasting And Communications Equipment,https://www.nasdaq.com/symbol/crnt
CERN,Cerner Corporation,59.43,19715059782.6,n/a,1986,Technology,EDP Services,https://www.nasdaq.com/symbol/cern
CEVA,"CEVA, Inc.",32.75,727724912,n/a,n/a,Technology,Semiconductors,https://www.nasdaq.com/symbol/ceva
CYOU,Changyou.com Limited,18.97,364511509.32,19215156,2009,Technology,Computer Software: Prepackaged Software,https://www.nasdaq.com/symbol/cyou
ECOM          ,ChannelAdvisor Corporation,12.9,348898224.6,n/a,2013,Technology,Computer Software: Prepackaged Software,https://www.nasdaq.com/symbol/ecom
CHKP,Check Point Software Technologies Ltd.,95.73,15888806278.92,n/a,1996,Technology,Computer Software: Prepackaged Software,https://www.nasdaq.com/symbol/chkp
CMCM,Cheetah Mobile Inc.,13.19,1849305506.42,n/a,2014,Technology,Computer Software: Prepackaged Software,https://www.nasdaq.com/symbol/cmcm
CVR,Chicago Rivet & Machine Co.,29.1,28114441.2,n/a,n/a,Technology,Industrial Machinery/Components,https://www.nasdaq.com/symbol/cvr
CNIT,"China Information Technology, Inc.",1.68,68477073.84,n/a,n/a,Technology,Computer Software: Prepackaged Software,https://www.nasdaq.com/symbol/cnit
CCIH,ChinaCache International Holdings Ltd.,1.26,26400916.08,20953108,2010,Technology,EDP Services,https://www.nasdaq.com/symbol/ccih
CNET,"ChinaNet Online Holdings, Inc.",2.68,43235215.24,n/a,n/a,Technology,"Computer Software: Programming, Data Processing",https://www.nasdaq.com/symbol/cnet
IMOS,ChipMOS TECHNOLOGIES INC.,13.5,127325061,9431486,n/a,Technology,Semiconductors,https://www.nasdaq.com/symbol/imos
CRUS,"Cirrus Logic, Inc.",36.21,2294494845.51,n/a,1989,Technology,Semiconductors,https://www.nasdaq.com/symbol/crus
CSCO,"Cisco Systems, Inc.",44.71,215391203401.1,n/a,1990,Technology,Computer Communications Equipment,https://www.nasdaq.com/symbol/csco
CISN,Cision Ltd.,13.42,1669047963.22,n/a,2017,Technology,Computer Software: Prepackaged Software,https://www.nasdaq.com/symbol/cisn
CTXS,"Citrix Systems, Inc.",103.27,14165833713.49,n/a,1995,Technology,Computer Software: Prepackaged Software,https://www.nasdaq.com/symbol/ctxs
CLDR,"Cloudera, Inc.",14.19,2093287231.2,n/a,2017,Technology,Computer Software: Prepackaged Software,https://www.nasdaq.com/symbol/cldr
CTSH,Cognizant Technology Solutions Corporation,81.62,47821026428.56,n/a,1998,Technology,EDP Services,https://www.nasdaq.com/symbol/ctsh
CHUBA,"CommerceHub, Inc.",22.69,989853292.1,n/a,n/a,Technology,Computer Software: Prepackaged Software,https://www.nasdaq.com/symbol/chuba
CHUBK,"CommerceHub, Inc.",22.63,987235786.7,n/a,n/a,Technology,Computer Software: Prepackaged Software,https://www.nasdaq.com/symbol/chubk
COMM,"CommScope Holding Company, Inc.",38.86,7457091072.92,n/a,2013,Technology,Radio And Television Broadcasting And Communications Equipment,https://www.nasdaq.com/symbol/comm
CVLT,"Commvault Systems, Inc.",69.4,3118993468.6,n/a,2006,Technology,Computer Software: Prepackaged Software,https://www.nasdaq.com/symbol/cvlt
CPSI,"Computer Programs and Systems, Inc.",29.9,421171071.1,n/a,2002,Technology,EDP Services,https://www.nasdaq.com/symbol/cpsi
CTG,"Computer Task Group, Incorporated",7.84,119874627.04,n/a,n/a,Technology,EDP Services,https://www.nasdaq.com/symbol/ctg
CMTL,Comtech Telecommunications Corp.,30.54,721358251.02,n/a,n/a,Technology,Radio And Television Broadcasting And Communications Equipment,https://www.nasdaq.com/symbol/cmtl
CVON,"ConvergeOne Holdings, Inc.",8.64,602208000,n/a,2017,Technology,Computer Software: Prepackaged Software,https://www.nasdaq.com/symbol/cvon
CVONW,"ConvergeOne Holdings, Inc.",1.1008,0,n/a,2017,Technology,Computer Software: Prepackaged Software,https://www.nasdaq.com/symbol/cvonw
CVG,Convergys Corporation,23.43,2146850740.98,n/a,1998,Technology,EDP Services,https://www.nasdaq.com/symbol/cvg
CLGX,"CoreLogic, Inc.",49.85,4070934398.15,n/a,n/a,Technology,EDP Services,https://www.nasdaq.com/symbol/clgx
CSOD,"Cornerstone OnDemand, Inc.",43.93,2518024680.39,n/a,2011,Technology,Computer Software: Prepackaged Software,https://www.nasdaq.com/symbol/csod
CPAH,CounterPath Corporation,2.58,15311409.9,n/a,n/a,Technology,Computer Software: Prepackaged Software,https://www.nasdaq.com/symbol/cpah
COUP,Coupa Software Incorporated,47.51,2690438136.31,n/a,2016,Technology,Computer Software: Prepackaged Software,https://www.nasdaq.com/symbol/coup
CRAY,Cray Inc,24.1,979544572.3,n/a,n/a,Technology,Computer Manufacturing,https://www.nasdaq.com/symbol/cray
CREE,"Cree, Inc.",38.24,3822477244.96,n/a,1993,Technology,Semiconductors,https://www.nasdaq.com/symbol/cree
CRTO,Criteo S.A.,25.77,1674844484.25,64992025,2013,Technology,Advertising,https://www.nasdaq.com/symbol/crto
CCRN,"Cross Country Healthcare, Inc.",12.86,464976769.5,n/a,2001,Technology,Professional Services,https://www.nasdaq.com/symbol/ccrn
CSGS,"CSG Systems International, Inc.",43.22,1455317843.28,n/a,1996,Technology,EDP Services,https://www.nasdaq.com/symbol/csgs
CSPI,CSP Inc.,10.89,43375784.76,n/a,1982,Technology,EDP Services,https://www.nasdaq.com/symbol/cspi
CTS,CTS Corporation,29.7,980627769,n/a,n/a,Technology,Electrical Products,https://www.nasdaq.com/symbol/cts
CW,Curtiss-Wright Corporation,131.49,5817672750.78,n/a,n/a,Technology,Industrial Machinery/Components,https://www.nasdaq.com/symbol/cw
CVV,CVD Equipment Corporation,8.07,52121821.98,n/a,n/a,Technology,Industrial Machinery/Components,https://www.nasdaq.com/symbol/cvv
CYBR,CyberArk Software Ltd.,54.82,1950409148.86,n/a,2014,Technology,Computer Software: Prepackaged Software,https://www.nasdaq.com/symbol/cybr
CY,Cypress Semiconductor Corporation,15.13,5417935939.19,n/a,1986,Technology,Semiconductors,https://www.nasdaq.com/symbol/cy
CYRN,CYREN Ltd.,2.975,148269293.55,n/a,n/a,Technology,Computer Software: Prepackaged Software,https://www.nasdaq.com/symbol/cyrn
DQ,DAQO New Energy Corp.,54.49,591969061.39,n/a,2010,Technology,Semiconductors,https://www.nasdaq.com/symbol/dq
DWCH,Datawatch Corporation,9.5,117202858.5,n/a,1992,Technology,Computer Software: Prepackaged Software,https://www.nasdaq.com/symbol/dwch
DVMT,Dell Technologies Inc.,72.62,14477156469,n/a,n/a,Technology,Computer Manufacturing,https://www.nasdaq.com/symbol/dvmt
DTRM,"Determine, Inc. ",1.46,21747962.9,n/a,n/a,Technology,Computer Software: Prepackaged Software,https://www.nasdaq.com/symbol/dtrm
DGII,Digi International Inc.,11.3,305422377.7,n/a,1989,Technology,Computer Communications Equipment,https://www.nasdaq.com/symbol/dgii
DMRC,Digimarc Corporation,28.7,340090666.3,n/a,n/a,Technology,EDP Services,https://www.nasdaq.com/symbol/dmrc
DGLY,"Digital Ally, Inc.",2.45,17209978.45,n/a,n/a,Technology,Radio And Television Broadcasting And Communications Equipment,https://www.nasdaq.com/symbol/dgly
DIOD,Diodes Incorporated,29.15,1443931083.1,n/a,n/a,Technology,Semiconductors,https://www.nasdaq.com/symbol/diod
DLHC,DLH Holdings Corp.,5.84,69393764.96,n/a,n/a,Technology,Professional Services,https://www.nasdaq.com/symbol/dlhc
DOV,Dover Corporation,95.34,14737359453.18,n/a,n/a,Technology,Industrial Machinery/Components,https://www.nasdaq.com/symbol/dov
DBX,"Dropbox, Inc.",29.61,11604248155.71,n/a,2018,Technology,Computer Software: Prepackaged Software,https://www.nasdaq.com/symbol/dbx
DSPG,"DSP Group, Inc.",11.55,262451631.75,n/a,1994,Technology,Semiconductors,https://www.nasdaq.com/symbol/dspg
DXC,DXC Technology Company,103.48,29562980270.2,n/a,n/a,Technology,EDP Services,https://www.nasdaq.com/symbol/dxc
ETN,"Eaton Corporation, PLC",76.15,33361555481.7,n/a,n/a,Technology,Industrial Machinery/Components,https://www.nasdaq.com/symbol/etn
EBIX,"Ebix, Inc.",77.35,2435560136.1,n/a,n/a,Technology,EDP Services,https://www.nasdaq.com/symbol/ebix
ELON,Echelon Corporation,4.14,18802683.54,n/a,1998,Technology,Computer Communications Equipment,https://www.nasdaq.com/symbol/elon
SATS,EchoStar Corporation,53.22,5103612528.3,n/a,n/a,Technology,Radio And Television Broadcasting And Communications Equipment,https://www.nasdaq.com/symbol/sats
EDGW,"Edgewater Technology, Inc.",5.73,82157181.21,n/a,n/a,Technology,"Computer Software: Programming, Data Processing",https://www.nasdaq.com/symbol/edgw
EGAN,eGain Corporation,8.5,231915224,n/a,1999,Technology,Computer Software: Prepackaged Software,https://www.nasdaq.com/symbol/egan
EA,Electronic Arts Inc.,117.47,36031337572.65,n/a,n/a,Technology,Computer Software: Prepackaged Software,https://www.nasdaq.com/symbol/ea
EFII,"Electronics for Imaging, Inc.",28.75,1293976895,n/a,1992,Technology,Computer Communications Equipment,https://www.nasdaq.com/symbol/efii
ELLI,"Ellie Mae, Inc.",94.49,3241570538.36,n/a,2011,Technology,Computer Software: Prepackaged Software,https://www.nasdaq.com/symbol/elli
ELTK,Eltek Ltd.,3.83,7769354.16,n/a,1997,Technology,Electrical Products,https://www.nasdaq.com/symbol/eltk
EMAN,eMagin Corporation,1.55,69798564.6,n/a,n/a,Technology,Semiconductors,https://www.nasdaq.com/symbol/eman
EMKR,EMCORE Corporation,4.575,124438041.9,n/a,1997,Technology,Semiconductors,https://www.nasdaq.com/symbol/emkr
EIGI,"Endurance International Group Holdings, Inc.",7.4,1048050426.4,n/a,2013,Technology,Computer Software: Prepackaged Software,https://www.nasdaq.com/symbol/eigi
WATT,Energous Corporation,18.31,462806965.66,n/a,2014,Technology,Radio And Television Broadcasting And Communications Equipment,https://www.nasdaq.com/symbol/watt
ERII,"Energy Recovery, Inc.",8.29,447539919.35,n/a,2008,Technology,Industrial Machinery/Components,https://www.nasdaq.com/symbol/erii
ENPH,"Enphase Energy, Inc.",4.26,408232583.7,n/a,2012,Technology,Semiconductors,https://www.nasdaq.com/symbol/enph
EPAM,"EPAM Systems, Inc.",114.78,6123129979.14,n/a,2012,Technology,EDP Services,https://www.nasdaq.com/symbol/epam
PLUS,ePlus inc.,80.3,1120071777,n/a,1996,Technology,Retail: Computer Software & Peripheral Equipment,https://www.nasdaq.com/symbol/plus
ERIC,Ericsson,7.59,2372461570.38,312577282,n/a,Technology,Radio And Television Broadcasting And Communications Equipment,https://www.nasdaq.com/symbol/eric
EVBG,"Everbridge, Inc.",37,1055514466,n/a,2016,Technology,Computer Software: Prepackaged Software,https://www.nasdaq.com/symbol/evbg
MRAM,"Everspin Technologies, Inc.",7.3,121535663.3,n/a,2016,Technology,Semiconductors,https://www.nasdaq.com/symbol/mram
EVTC,"Evertec, Inc.",18.2,1318210366.2,n/a,2013,Technology,EDP Services,https://www.nasdaq.com/symbol/evtc
EVOL,"Evolving Systems, Inc.",3.75,46983345,n/a,1998,Technology,EDP Services,https://www.nasdaq.com/symbol/evol
AQUA,Evoqua Water Technologies Corp.,20.44,2315126216.48,n/a,2017,Technology,Industrial Machinery/Components,https://www.nasdaq.com/symbol/aqua
EXTN,Exterran Corporation,29.36,1049940523.12,n/a,2015,Technology,Diversified Commercial Services,https://www.nasdaq.com/symbol/extn
EXTR,"Extreme Networks, Inc.",10.64,1226446189.36,n/a,1999,Technology,Computer Communications Equipment,https://www.nasdaq.com/symbol/extr
FFIV,"F5 Networks, Inc.",160.84,9947060212.12,n/a,1999,Technology,Computer Communications Equipment,https://www.nasdaq.com/symbol/ffiv
FB,"Facebook, Inc.",173.59,503300102375.68,n/a,2012,Technology,"Computer Software: Programming, Data Processing",https://www.nasdaq.com/symbol/fb
FDS,FactSet Research Systems Inc.,191.38,7439792241,n/a,1996,Technology,"Computer Software: Programming, Data Processing",https://www.nasdaq.com/symbol/fds
SFUN,Fang Holdings Limited,4.78,2117179181.7,n/a,2010,Technology,EDP Services,https://www.nasdaq.com/symbol/sfun
FNSR,Finisar Corporation,15.74,1805297190.84,n/a,1999,Technology,Semiconductors,https://www.nasdaq.com/symbol/fnsr
FEYE,"FireEye, Inc.",17.85,3425708186.25,n/a,2013,Technology,Computer peripheral equipment,https://www.nasdaq.com/symbol/feye
FSLR,"First Solar, Inc.",77.95,8165747582.85,n/a,2006,Technology,Semiconductors,https://www.nasdaq.com/symbol/fslr
FISV,"Fiserv, Inc.",71.47,29386526519.77,n/a,1986,Technology,EDP Services,https://www.nasdaq.com/symbol/fisv
FIT,"Fitbit, Inc.",5.3,1276906559.8,n/a,2015,Technology,Computer Manufacturing,https://www.nasdaq.com/symbol/fit
FIVN,"Five9, Inc.",27.97,1612573345.69,n/a,2014,Technology,EDP Services,https://www.nasdaq.com/symbol/fivn
FLEX,Flex Ltd.,13.03,6875479132.63,n/a,1994,Technology,Electrical Products,https://www.nasdaq.com/symbol/flex
FPAY,"FlexShopper, Inc.",4.1045,21731279.3545,n/a,n/a,Technology,Diversified Commercial Services,https://www.nasdaq.com/symbol/fpay
FSCT,"ForeScout Technologies, Inc.",32.16,1264954361.28,n/a,2017,Technology,Computer peripheral equipment,https://www.nasdaq.com/symbol/fsct
FRSX,Foresight Autonomous Holdings Ltd.,3.53,3064396.53,868101,n/a,Technology,Computer Software: Prepackaged Software,https://www.nasdaq.com/symbol/frsx
FORM,"FormFactor, Inc.",11.55,853509391.35,n/a,2003,Technology,Semiconductors,https://www.nasdaq.com/symbol/form
FORTY,Formula Systems (1985) Ltd.,34.1201,5961600.3524,174724,n/a,Technology,EDP Services,https://www.nasdaq.com/symbol/forty
FTNT,"Fortinet, Inc.",54.93,9229567273.59,n/a,2009,Technology,Computer peripheral equipment,https://www.nasdaq.com/symbol/ftnt
FSNN,"Fusion Telecommunications International, Inc.",3.055,108696154.58,n/a,n/a,Technology,Computer Software: Prepackaged Software,https://www.nasdaq.com/symbol/fsnn
GDI,"Gardner Denver Holdings, Inc.",31.84,6279599360.32,n/a,2017,Technology,Industrial Machinery/Components,https://www.nasdaq.com/symbol/gdi
GTES,Gates Industrial Corporation plc,15.91,4609852575.55,n/a,2018,Technology,Industrial Machinery/Components,https://www.nasdaq.com/symbol/gtes
GDS,GDS Holdings Limited,27.79,946585536.68,34062092,2016,Technology,"Computer Software: Programming, Data Processing",https://www.nasdaq.com/symbol/gds
JOB,GEE Group Inc.,2.39,24962515.13,n/a,n/a,Technology,Diversified Commercial Services,https://www.nasdaq.com/symbol/job
GFN,General Finance Corporation,8.825,235821420.55,n/a,n/a,Technology,Diversified Commercial Services,https://www.nasdaq.com/symbol/gfn
GFNCP,General Finance Corporation,102.4888,0,n/a,n/a,Technology,Diversified Commercial Services,https://www.nasdaq.com/symbol/gfncp
GFNSL,General Finance Corporation,25.3501,0,n/a,n/a,Technology,Diversified Commercial Services,https://www.nasdaq.com/symbol/gfnsl
GIGM,GigaMedia Limited,2.66,29398945.1,n/a,n/a,Technology,"Computer Software: Programming, Data Processing",https://www.nasdaq.com/symbol/gigm
GILT,Gilat Satellite Networks Ltd.,8.44,462512953.72,n/a,n/a,Technology,Radio And Television Broadcasting And Communications Equipment,https://www.nasdaq.com/symbol/gilt
GSB,"GlobalSCAPE, Inc.",3.65,78737183.15,n/a,n/a,Technology,Computer Software: Prepackaged Software,https://www.nasdaq.com/symbol/gsb
GLOB,Globant S.A.,44.36,1612196373.56,n/a,2014,Technology,EDP Services,https://www.nasdaq.com/symbol/glob
GLUU,Glu Mobile Inc.,4.35,606800587.8,n/a,2007,Technology,EDP Services,https://www.nasdaq.com/symbol/gluu
GDDY,GoDaddy Inc.,64.34,10804926254.46,n/a,2015,Technology,EDP Services,https://www.nasdaq.com/symbol/gddy
GHM,Graham Corporation,21.95,214408170.7,n/a,n/a,Technology,Industrial Machinery/Components,https://www.nasdaq.com/symbol/ghm
GEC,"Great Elm Capital Group, Inc. ",3.85,97976409.3,n/a,n/a,Technology,Computer Software: Prepackaged Software,https://www.nasdaq.com/symbol/gec
GSUM,Gridsum Holding Inc.,5.35,84910497.35,15871121,2016,Technology,Computer Software: Prepackaged Software,https://www.nasdaq.com/symbol/gsum
GRPN,"Groupon, Inc.",4.69,2633586838.75,n/a,2011,Technology,Advertising,https://www.nasdaq.com/symbol/grpn
GVP,"GSE Systems, Inc.",3.2,62162896,n/a,n/a,Technology,Computer Software: Prepackaged Software,https://www.nasdaq.com/symbol/gvp
GSIT,"GSI Technology, Inc.",7.36,156725665.28,n/a,2007,Technology,Semiconductors,https://www.nasdaq.com/symbol/gsit
GWRE,"Guidewire Software, Inc.",84.99,6791540106.27,n/a,2012,Technology,Computer Software: Prepackaged Software,https://www.nasdaq.com/symbol/gwre
HQCL,"Hanwha Q CELLS Co., Ltd. ",7.2,39610980,5501525,n/a,Technology,Semiconductors,https://www.nasdaq.com/symbol/hqcl
HLIT,Harmonic Inc.,3.55,298546380.6,n/a,1995,Technology,Radio And Television Broadcasting And Communications Equipment,https://www.nasdaq.com/symbol/hlit
HHS,"Harte-Hanks, Inc.",9.2,5753459.2,n/a,1993,Technology,Advertising,https://www.nasdaq.com/symbol/hhs
HSTM,"HealthStream, Inc.",23.98,774540858.96,n/a,2000,Technology,"Computer Software: Programming, Data Processing",https://www.nasdaq.com/symbol/hstm
HSII,"Heidrick & Struggles International, Inc.",37.9,717195457.7,n/a,1999,Technology,Diversified Commercial Services,https://www.nasdaq.com/symbol/hsii
HPE,Hewlett Packard Enterprise Company,17.35,26948101944.05,n/a,2015,Technology,Computer Manufacturing,https://www.nasdaq.com/symbol/hpe
HIMX,"Himax Technologies, Inc.",6.79,734858804.12,108226628,2006,Technology,Semiconductors,https://www.nasdaq.com/symbol/himx
HDP,"Hortonworks, Inc.",16.88,1325995250.48,n/a,2014,Technology,Computer Software: Prepackaged Software,https://www.nasdaq.com/symbol/hdp
HPQ,HP Inc.,21.61,35385642312.95,n/a,n/a,Technology,Computer Manufacturing,https://www.nasdaq.com/symbol/hpq
HMI,Huami Corporation,9.01,535501385.16,n/a,2018,Technology,Computer Manufacturing,https://www.nasdaq.com/symbol/hmi
HUBS,"HubSpot, Inc.",107.85,4083006546.45,n/a,2014,Technology,Computer Software: Prepackaged Software,https://www.nasdaq.com/symbol/hubs
HSON,"Hudson Global, Inc.",1.88,58581832.12,n/a,n/a,Technology,Professional Services,https://www.nasdaq.com/symbol/hson
ICHR,Ichor Holdings,21.83,573677883.05,n/a,2016,Technology,Semiconductors,https://www.nasdaq.com/symbol/ichr
ICLK,iClick Interactive Asia Group Limited,7.5,32343750,4312500,2017,Technology,Computer Software: Prepackaged Software,https://www.nasdaq.com/symbol/iclk
INVE,"Identiv, Inc.",3.31,50140124.94,n/a,n/a,Technology,Computer peripheral equipment,https://www.nasdaq.com/symbol/inve
IEC,IEC Electronics Corp.,4.34,44351805.4,n/a,n/a,Technology,Electrical Products,https://www.nasdaq.com/symbol/iec
INFO,IHS Markit Ltd.,49.26,19695383243.76,n/a,1996,Technology,"Computer Software: Programming, Data Processing",https://www.nasdaq.com/symbol/info
ITW,Illinois Tool Works Inc.,142.57,48362060477.36,n/a,n/a,Technology,Industrial Machinery/Components,https://www.nasdaq.com/symbol/itw
IMMR,Immersion Corporation,11.04,325261771.68,n/a,1999,Technology,Computer peripheral equipment,https://www.nasdaq.com/symbol/immr
IMPV,"Imperva, Inc.",45.35,1578456136.15,n/a,n/a,Technology,Computer Software: Prepackaged Software,https://www.nasdaq.com/symbol/impv
INFY,Infosys Limited,17.62,38293919455.9,n/a,n/a,Technology,EDP Services,https://www.nasdaq.com/symbol/infy
INOD,Innodata Inc.,1.15,29759072.1,n/a,1993,Technology,EDP Services,https://www.nasdaq.com/symbol/inod
ISSC,"Innovative Solutions and Support, Inc.",3.57,60120938.43,n/a,2000,Technology,EDP Services,https://www.nasdaq.com/symbol/issc
INOV,"Inovalon Holdings, Inc.",10.75,1634813388,n/a,2015,Technology,EDP Services,https://www.nasdaq.com/symbol/inov
IPHI,Inphi Corporation,28.97,1249831272.2,n/a,2010,Technology,Semiconductors,https://www.nasdaq.com/symbol/iphi
INPX,Inpixon ,0.3731,3484489.4721,n/a,2014,Technology,EDP Services,https://www.nasdaq.com/symbol/inpx
NSP,"Insperity, Inc.",76.5,3213550417.5,n/a,n/a,Technology,Professional Services,https://www.nasdaq.com/symbol/nsp
INSE,"Inspired Entertainment, Inc.",4.9,105245997.5,n/a,2014,Technology,Computer Software: Prepackaged Software,https://www.nasdaq.com/symbol/inse
INST,"Instructure, Inc.",40.1,1374832670.4,n/a,2015,Technology,Computer Software: Prepackaged Software,https://www.nasdaq.com/symbol/inst
IDTI,"Integrated Device Technology, Inc.",28.85,3817937884.75,n/a,1984,Technology,Semiconductors,https://www.nasdaq.com/symbol/idti
INTC,Intel Corporation,52.73,246687624035.65,n/a,n/a,Technology,Semiconductors,https://www.nasdaq.com/symbol/intc
IDN,"Intellicheck, Inc.",2.07,32310512.01,n/a,1999,Technology,Computer Software: Prepackaged Software,https://www.nasdaq.com/symbol/idn
INS,Intelligent Systems Corporation,5.15,45206638.2,n/a,1992,Technology,Computer Software: Prepackaged Software,https://www.nasdaq.com/symbol/ins
LINK,"Interlink Electronics, Inc.",5.261,38628776.758,n/a,n/a,Technology,Computer peripheral equipment,https://www.nasdaq.com/symbol/link
IMI,"Intermolecular, Inc.",1.2,59521647.6,n/a,2011,Technology,Semiconductors,https://www.nasdaq.com/symbol/imi
INAP,Internap Corporation,11.68,247376898.72,n/a,1999,Technology,"Computer Software: Programming, Data Processing",https://www.nasdaq.com/symbol/inap
IBM,International Business Machines Corporation,146.48,134463997462.88,n/a,n/a,Technology,Computer Manufacturing,https://www.nasdaq.com/symbol/ibm
IIJI,"Internet Initiative Japan, Inc.",9.8944,16327422.2592,1650168,n/a,Technology,"Computer Software: Programming, Data Processing",https://www.nasdaq.com/symbol/iiji
IPG,"Interpublic Group of Companies, Inc. (The)",23.89,9225495371.74,n/a,n/a,Technology,Advertising,https://www.nasdaq.com/symbol/ipg
INTX,"Intersections, Inc.",1.79,43432533.15,n/a,2004,Technology,EDP Services,https://www.nasdaq.com/symbol/intx
INXN,InterXion Holding N.V.,64.85,4625555950,n/a,2011,Technology,"Computer Software: Programming, Data Processing",https://www.nasdaq.com/symbol/inxn
IVAC,"Intevac, Inc.",6.4,143110227.2,n/a,1995,Technology,Industrial Machinery/Components,https://www.nasdaq.com/symbol/ivac
INTU,Intuit Inc.,186.59,47787763431.76,n/a,1993,Technology,Computer Software: Prepackaged Software,https://www.nasdaq.com/symbol/intu
IPAS,iPass Inc.,0.3181,23649232.2956,n/a,2003,Technology,EDP Services,https://www.nasdaq.com/symbol/ipas
IPGP,IPG Photonics Corporation,212,11391351480,n/a,2006,Technology,Semiconductors,https://www.nasdaq.com/symbol/ipgp
JCOM,"j2 Global, Inc.",80.68,3960243150.8,n/a,1999,Technology,Telecommunications Equipment,https://www.nasdaq.com/symbol/jcom
JASO,"JA Solar Holdings, Co., Ltd.",6.88,277168003.36,40286047,2007,Technology,Semiconductors,https://www.nasdaq.com/symbol/jaso
JBL,Jabil Inc.,26.67,4568552704.38,n/a,1993,Technology,Electrical Products,https://www.nasdaq.com/symbol/jbl
JKHY,"Jack Henry & Associates, Inc.",120.11,9279879365.55,n/a,1985,Technology,EDP Services,https://www.nasdaq.com/symbol/jkhy
JT,Jianpu Technology Inc.,5.43,899840812.2,n/a,2017,Technology,"Computer Software: Programming, Data Processing",https://www.nasdaq.com/symbol/jt
JKS,JinkoSolar Holding Company Limited,18.73,609596282.14,n/a,2010,Technology,Semiconductors,https://www.nasdaq.com/symbol/jks
JMU,JMU Limited,0.73,12709680.33,17410521,2015,Technology,EDP Services,https://www.nasdaq.com/symbol/jmu
JBT,John Bean Technologies Corporation,109.25,3449807133.5,n/a,n/a,Technology,Industrial Machinery/Components,https://www.nasdaq.com/symbol/jbt
JNPR,"Juniper Networks, Inc.",24.62,8592955098.58,n/a,1999,Technology,Computer Communications Equipment,https://www.nasdaq.com/symbol/jnpr
KAI,Kadant Inc,94.1,1043588666.9,n/a,n/a,Technology,Industrial Machinery/Components,https://www.nasdaq.com/symbol/kai
KELYA,"Kelly Services, Inc.",29.98,1152118718.46,n/a,n/a,Technology,Professional Services,https://www.nasdaq.com/symbol/kelya
KELYB,"Kelly Services, Inc.",29,1114457733,n/a,n/a,Technology,Professional Services,https://www.nasdaq.com/symbol/kelyb
KTCC,Key Tronic Corporation,7.09,76286131.2,n/a,1983,Technology,Computer peripheral equipment,https://www.nasdaq.com/symbol/ktcc
KFRC,"Kforce, Inc.",26.9,706410166.9,n/a,1995,Technology,Professional Services,https://www.nasdaq.com/symbol/kfrc
KE,"Kimball Electronics, Inc.",15.9,424444919.1,n/a,n/a,Technology,Electrical Products,https://www.nasdaq.com/symbol/ke
KONE,Kingtone Wirelessinfo Solution Holding Ltd,6.34,4529137.5,714375,2010,Technology,EDP Services,https://www.nasdaq.com/symbol/kone
KOPN,Kopin Corporation,3.33,254826691.56,n/a,1992,Technology,Semiconductors,https://www.nasdaq.com/symbol/kopn
KFY,Korn/Ferry International,54.12,3059129049.24,n/a,1999,Technology,Diversified Commercial Services,https://www.nasdaq.com/symbol/kfy
KLIC,"Kulicke and Soffa Industries, Inc.",23.52,1660788618.72,n/a,n/a,Technology,Semiconductors,https://www.nasdaq.com/symbol/klic
KVHI,"KVH Industries, Inc.",10.65,186645446.1,n/a,1996,Technology,Radio And Television Broadcasting And Communications Equipment,https://www.nasdaq.com/symbol/kvhi
KYO,Kyocera Corporation,63.8,23459778694,n/a,n/a,Technology,Semiconductors,https://www.nasdaq.com/symbol/kyo
LLL,"L3 Technologies, Inc.",197.3,15445625370.2,n/a,n/a,Technology,Radio And Television Broadcasting And Communications Equipment,https://www.nasdaq.com/symbol/lll
LRCX,Lam Research Corporation,187.26,30719105088.3,n/a,1984,Technology,Industrial Machinery/Components,https://www.nasdaq.com/symbol/lrcx
LTRX,"Lantronix, Inc.",2.51,45624089.28,n/a,2000,Technology,Computer Communications Equipment,https://www.nasdaq.com/symbol/ltrx
LSCC,Lattice Semiconductor Corporation,5.6,695585576,n/a,n/a,Technology,Semiconductors,https://www.nasdaq.com/symbol/lscc
LFGR,Leaf Group Ltd.,7,171233755,n/a,n/a,Technology,EDP Services,https://www.nasdaq.com/symbol/lfgr
LDOS,"Leidos Holdings, Inc.",65.78,9975799396.42,n/a,n/a,Technology,EDP Services,https://www.nasdaq.com/symbol/ldos
LTRPA,"Liberty TripAdvisor Holdings, Inc.",9.25,694277250,n/a,n/a,Technology,EDP Services,https://www.nasdaq.com/symbol/ltrpa
LTRPB,"Liberty TripAdvisor Holdings, Inc.",9.75,731805750,n/a,n/a,Technology,EDP Services,https://www.nasdaq.com/symbol/ltrpb
LPTH,"LightPath Technologies, Inc.",2.06,52999640.86,n/a,1996,Technology,Semiconductors,https://www.nasdaq.com/symbol/lpth
LECO,"Lincoln Electric Holdings, Inc.",84.21,5525766221.64,n/a,n/a,Technology,Industrial Machinery/Components,https://www.nasdaq.com/symbol/leco
LN,LINE Corporation,36.01,8588270128.1,n/a,2016,Technology,"Computer Software: Programming, Data Processing",https://www.nasdaq.com/symbol/ln
LKM,Link Motion Inc.,1.93,188595645.43,n/a,2011,Technology,Computer Software: Prepackaged Software,https://www.nasdaq.com/symbol/lkm
LIQT,"LiqTech International, Inc.",0.39,17350581.3,n/a,n/a,Technology,Industrial Machinery/Components,https://www.nasdaq.com/symbol/liqt
LPSN,"LivePerson, Inc.",16.7,1004179750.8,n/a,2000,Technology,Computer Software: Prepackaged Software,https://www.nasdaq.com/symbol/lpsn
LOGI,Logitech International S.A.,37.41,6139388394.9,n/a,1997,Technology,Computer peripheral equipment,https://www.nasdaq.com/symbol/logi
LOGM,"LogMein, Inc.",114.7,6003194063.4,n/a,2009,Technology,Computer Software: Prepackaged Software,https://www.nasdaq.com/symbol/logm
LFIN,LongFin Corp,28.189,2101235938.921,n/a,2017,Technology,EDP Services,https://www.nasdaq.com/symbol/lfin
LORL,"Loral Space and Communications, Inc.",39.4,1218750389.4,n/a,n/a,Technology,Radio And Television Broadcasting And Communications Equipment,https://www.nasdaq.com/symbol/lorl
LXFT,"Luxoft Holding, Inc.",39.2,1326606478.4,n/a,2013,Technology,EDP Services,https://www.nasdaq.com/symbol/lxft
MTSI,"MACOM Technology Solutions Holdings, Inc.",17.01,1095540497.73,n/a,2012,Technology,Semiconductors,https://www.nasdaq.com/symbol/mtsi
MGIC,Magic Software Enterprises Ltd.,8.3,369255197.4,n/a,1991,Technology,Computer Software: Prepackaged Software,https://www.nasdaq.com/symbol/mgic
MX,MagnaChip Semiconductor Corporation,9.35,319798592.3,n/a,2011,Technology,Semiconductors,https://www.nasdaq.com/symbol/mx
MNGA,MagneGas Corporation,0.6214,7059199.0742,n/a,n/a,Technology,Industrial Machinery/Components,https://www.nasdaq.com/symbol/mnga
MJCO,Majesco,5.15,188198638.75,n/a,2015,Technology,Computer Software: Prepackaged Software,https://www.nasdaq.com/symbol/mjco
MAMS,"MAM Software Group, Inc.",7.86,98860187.52,n/a,n/a,Technology,Computer Software: Prepackaged Software,https://www.nasdaq.com/symbol/mams
MANH,"Manhattan Associates, Inc.",44.05,2943395935.55,n/a,1998,Technology,Computer Software: Prepackaged Software,https://www.nasdaq.com/symbol/manh
MNTX,"Manitex International, Inc.",10.31,171789199.66,n/a,n/a,Technology,Industrial Machinery/Components,https://www.nasdaq.com/symbol/mntx
MAN,ManpowerGroup,96.9,6410257192.5,n/a,n/a,Technology,Professional Services,https://www.nasdaq.com/symbol/man
MRIN,Marin Software Incorporated,7.5,43109437.5,n/a,2013,Technology,EDP Services,https://www.nasdaq.com/symbol/mrin
MRVL,Marvell Technology Group Ltd.,20.35,10103775000,n/a,2000,Technology,Semiconductors,https://www.nasdaq.com/symbol/mrvl
MTCH,"Match Group, Inc.",46.01,12655171690.34,n/a,2015,Technology,"Computer Software: Programming, Data Processing",https://www.nasdaq.com/symbol/mtch
MTLS,Materialise NV,11.74,157907343.8,13450370,2014,Technology,Computer Software: Prepackaged Software,https://www.nasdaq.com/symbol/mtls
MATR,Mattersight Corporation,2.65,87959923.6,n/a,n/a,Technology,EDP Services,https://www.nasdaq.com/symbol/matr
MAXR,Maxar Technologies Ltd.,45.24,2550122430.96,n/a,n/a,Technology,Radio And Television Broadcasting And Communications Equipment,https://www.nasdaq.com/symbol/maxr
MXIM,"Maxim Integrated Products, Inc.",54.49,15323351840.82,n/a,1988,Technology,Semiconductors,https://www.nasdaq.com/symbol/mxim
MXL,"MaxLinear, Inc",22.06,1502081261.14,n/a,2010,Technology,Semiconductors,https://www.nasdaq.com/symbol/mxl
MGRC,McGrath RentCorp,59.39,1428444657.21,n/a,1984,Technology,Diversified Commercial Services,https://www.nasdaq.com/symbol/mgrc
MDCA,MDC Partners Inc.,7.45,372016457.75,n/a,n/a,Technology,Advertising,https://www.nasdaq.com/symbol/mdca
MTBC,"Medical Transcription Billing, Corp.",3.4,39661591.6,n/a,2014,Technology,Computer Software: Prepackaged Software,https://www.nasdaq.com/symbol/mtbc
MTBCP,"Medical Transcription Billing, Corp.",25.384,23589325.816,n/a,n/a,Technology,Computer Software: Prepackaged Software,https://www.nasdaq.com/symbol/mtbcp
MDSO,"Medidata Solutions, Inc.",71.2,4214904364,n/a,2009,Technology,Computer Software: Prepackaged Software,https://www.nasdaq.com/symbol/mdso
MLNX,"Mellanox Technologies, Ltd.",78.65,4102343888.5,n/a,2007,Technology,Semiconductors,https://www.nasdaq.com/symbol/mlnx
MFGP,Micro Focus Intl PLC,17.52,7638531204.48,n/a,2017,Technology,Computer Software: Prepackaged Software,https://www.nasdaq.com/symbol/mfgp
MCHP,Microchip Technology Incorporated,84.66,19839483544.26,n/a,1993,Technology,Semiconductors,https://www.nasdaq.com/symbol/mchp
MU,"Micron Technology, Inc.",47.52,55112011368.48,n/a,n/a,Technology,Semiconductors,https://www.nasdaq.com/symbol/mu
MSCC,Microsemi Corporation,64.59,7618785144.9,n/a,n/a,Technology,Semiconductors,https://www.nasdaq.com/symbol/mscc
MSFT,Microsoft Corporation,95.82,737794151078.64,n/a,1986,Technology,Computer Software: Prepackaged Software,https://www.nasdaq.com/symbol/msft
MSTR,MicroStrategy Incorporated,126.69,1450219669.86,n/a,1998,Technology,Computer Software: Prepackaged Software,https://www.nasdaq.com/symbol/mstr
MCRN,Milacron Holdings Corp.,18.49,1284113729.57,n/a,2015,Technology,Industrial Machinery/Components,https://www.nasdaq.com/symbol/mcrn
MIME,Mimecast Limited,37.84,2187593517.12,n/a,2015,Technology,Computer Software: Prepackaged Software,https://www.nasdaq.com/symbol/mime
MNDO,MIND C.T.I. Ltd.,2.21,42669393.78,n/a,n/a,Technology,EDP Services,https://www.nasdaq.com/symbol/mndo
MB,"MINDBODY, Inc.",39.4,1868009790.4,n/a,2015,Technology,EDP Services,https://www.nasdaq.com/symbol/mb
MIND,"Mitcham Industries, Inc.",3.3,39895016.7,n/a,1994,Technology,Diversified Commercial Services,https://www.nasdaq.com/symbol/mind
MINDP,"Mitcham Industries, Inc.",23,0,n/a,n/a,Technology,Diversified Commercial Services,https://www.nasdaq.com/symbol/mindp
MITK,"Mitek Systems, Inc.",7.65,267006542.4,n/a,n/a,Technology,Computer peripheral equipment,https://www.nasdaq.com/symbol/mitk
MITL,Mitel Networks Corporation,11.15,1350961217.15,n/a,n/a,Technology,Radio And Television Broadcasting And Communications Equipment,https://www.nasdaq.com/symbol/mitl
MIXT,MiX Telematics Limited,16.9,378141370.1,n/a,2013,Technology,Computer Software: Prepackaged Software,https://www.nasdaq.com/symbol/mixt
MOBL,"MobileIron, Inc.",4.6,462578833.6,n/a,2014,Technology,Computer Software: Prepackaged Software,https://www.nasdaq.com/symbol/mobl
MODN,"Model N, Inc.",17,501213040,n/a,2013,Technology,"Computer Software: Programming, Data Processing",https://www.nasdaq.com/symbol/modn
MOMO,Momo Inc.,35.75,5104903017.5,142794490,2014,Technology,Computer Software: Prepackaged Software,https://www.nasdaq.com/symbol/momo
MDB,"MongoDB, Inc.",36.26,1833880139.7,n/a,2017,Technology,Computer Software: Prepackaged Software,https://www.nasdaq.com/symbol/mdb
MPWR,"Monolithic Power Systems, Inc.",120.28,5067666067.76,n/a,2004,Technology,Semiconductors,https://www.nasdaq.com/symbol/mpwr
TYPE,Monotype Imaging Holdings Inc.,23.75,1001105962.5,n/a,2007,Technology,EDP Services,https://www.nasdaq.com/symbol/type
MOSY,"MoSys, Inc.",1.36,11087839.28,n/a,2001,Technology,Semiconductors,https://www.nasdaq.com/symbol/mosy
MSI,"Motorola Solutions, Inc.",110.15,17810755910.35,n/a,n/a,Technology,Radio And Television Broadcasting And Communications Equipment,https://www.nasdaq.com/symbol/msi
MOXC,"Moxian, Inc.",2.8,187620157.2,n/a,n/a,Technology,"Computer Software: Programming, Data Processing",https://www.nasdaq.com/symbol/moxc
MULE,"MuleSoft, Inc.",44.42,5932831369.3,n/a,2017,Technology,Computer Software: Prepackaged Software,https://www.nasdaq.com/symbol/mule
MYSZ,"My Size, Inc.",1.22,35558030.94,n/a,n/a,Technology,Computer Software: Prepackaged Software,https://www.nasdaq.com/symbol/mysz
NNDM,Nano Dimension Ltd.,1.37,3232643.78,2359594,n/a,Technology,Electrical Products,https://www.nasdaq.com/symbol/nndm
NH,"NantHealth, Inc.",3.44,373512547.76,n/a,2016,Technology,EDP Services,https://www.nasdaq.com/symbol/nh
NATI,National Instruments Corporation,39.45,5175983085.15,n/a,1995,Technology,Computer Software: Prepackaged Software,https://www.nasdaq.com/symbol/nati
NPTN,NeoPhotonics Corporation,5.32,235780362.44,n/a,2011,Technology,Semiconductors,https://www.nasdaq.com/symbol/nptn
NETE,"Net Element, Inc.",7.98,30821568.96,n/a,n/a,Technology,EDP Services,https://www.nasdaq.com/symbol/nete
NTAP,"NetApp, Inc.",67.4,18057990519.2,n/a,1995,Technology,Electronic Components,https://www.nasdaq.com/symbol/ntap
NLST,"Netlist, Inc.",0.1552,13256435.936,n/a,2006,Technology,Semiconductors,https://www.nasdaq.com/symbol/nlst
NTCT,"NetScout Systems, Inc.",27.6,2408572125.6,n/a,1999,Technology,EDP Services,https://www.nasdaq.com/symbol/ntct
NTWK,NetSol Technologies Inc.,4.45,50709534.45,n/a,n/a,Technology,Computer Software: Prepackaged Software,https://www.nasdaq.com/symbol/ntwk
NEWR,"New Relic, Inc.",69.52,3854281956.8,n/a,2014,Technology,Computer Software: Prepackaged Software,https://www.nasdaq.com/symbol/newr
NICE,NICE Ltd,95.3,4011418013.7,42092529,n/a,Technology,Computer Manufacturing,https://www.nasdaq.com/symbol/nice
NOK,Nokia Corporation,5.96,33563779687.64,n/a,1994,Technology,Radio And Television Broadcasting And Communications Equipment,https://www.nasdaq.com/symbol/nok
NUAN,"Nuance Communications, Inc.",14.78,4340876097.4,n/a,n/a,Technology,Computer Software: Prepackaged Software,https://www.nasdaq.com/symbol/nuan
NTNX,"Nutanix, Inc.",49.59,8148064217.85,n/a,2016,Technology,Computer Software: Prepackaged Software,https://www.nasdaq.com/symbol/ntnx
NVEC,NVE Corporation,84.49,409101424.9,n/a,n/a,Technology,Semiconductors,https://www.nasdaq.com/symbol/nvec
NVDA,NVIDIA Corporation,226.33,137390561539.14,n/a,1999,Technology,Semiconductors,https://www.nasdaq.com/symbol/nvda
NXPI,NXP Semiconductors N.V.,105.4,36144230916.8,n/a,2010,Technology,Semiconductors,https://www.nasdaq.com/symbol/nxpi
OIIM,O2Micro International Limited,1.37,45721684.04,33373492,n/a,Technology,Semiconductors,https://www.nasdaq.com/symbol/oiim
OCLR,"Oclaro, Inc.",8.02,1362853316.7,n/a,n/a,Technology,Semiconductors,https://www.nasdaq.com/symbol/oclr
OKTA,"Okta, Inc.",41.74,4368383973.06,n/a,2017,Technology,Computer Software: Prepackaged Software,https://www.nasdaq.com/symbol/okta
OMCL,"Omnicell, Inc.",44.25,1719453003.75,n/a,2001,Technology,Computer Manufacturing,https://www.nasdaq.com/symbol/omcl
OMC,Omnicom Group Inc.,73.91,16798973449.08,n/a,n/a,Technology,Advertising,https://www.nasdaq.com/symbol/omc
ON,ON Semiconductor Corporation,22.98,9823013679.9,n/a,n/a,Technology,Semiconductors,https://www.nasdaq.com/symbol/on
OTIV,On Track Innovations Ltd,1.06,43644840.68,n/a,n/a,Technology,Semiconductors,https://www.nasdaq.com/symbol/otiv
OSS,"One Stop Systems, Inc.",4.36,55691540.04,n/a,2018,Technology,Computer Manufacturing,https://www.nasdaq.com/symbol/oss
OOMA,"Ooma, Inc.",10.75,208550000,n/a,2015,Technology,EDP Services,https://www.nasdaq.com/symbol/ooma
OTEX,Open Text Corporation,35.53,9495976684.26,n/a,1996,Technology,EDP Services,https://www.nasdaq.com/symbol/otex
ORCL,Oracle Corporation,45.53,185867710890,n/a,1986,Technology,Computer Software: Prepackaged Software,https://www.nasdaq.com/symbol/orcl
OSIS,"OSI Systems, Inc.",63.6,1209636066,n/a,1997,Technology,Semiconductors,https://www.nasdaq.com/symbol/osis
PFIN,"P & F Industries, Inc.",8.104,29090248.064,n/a,n/a,Technology,Industrial Machinery/Components,https://www.nasdaq.com/symbol/pfin
PAGS,PagSeguro Digital Ltd.,32.65,10289323285.5,n/a,2018,Technology,EDP Services,https://www.nasdaq.com/symbol/pags
PANW,"Palo Alto Networks, Inc.",192.47,17678039029.01,n/a,2012,Technology,Computer peripheral equipment,https://www.nasdaq.com/symbol/panw
TEUM,Pareteum Corporation,2.78,141931635.1,n/a,n/a,Technology,EDP Services,https://www.nasdaq.com/symbol/teum
PCYG,"Park City Group, Inc.",8.4,164960661.6,n/a,n/a,Technology,EDP Services,https://www.nasdaq.com/symbol/pcyg
PKE,Park Electrochemical Corporation,17.01,344238956.46,n/a,n/a,Technology,Electrical Products,https://www.nasdaq.com/symbol/pke
PRKR,"ParkerVision, Inc.",0.75,17855059.5,n/a,1993,Technology,Radio And Television Broadcasting And Communications Equipment,https://www.nasdaq.com/symbol/prkr
PAYC,"Paycom Software, Inc.",113.49,6703223863.05,n/a,2014,Technology,Computer Software: Prepackaged Software,https://www.nasdaq.com/symbol/payc
PCTY,Paylocity Holding Corporation,54.53,2868482269.38,n/a,2014,Technology,Computer Software: Prepackaged Software,https://www.nasdaq.com/symbol/pcty
PCTI,"PC-Tel, Inc.",7.15,129690582.45,n/a,1999,Technology,Radio And Television Broadcasting And Communications Equipment,https://www.nasdaq.com/symbol/pcti
PDFS,"PDF Solutions, Inc.",11.11,358799049.84,n/a,2001,Technology,EDP Services,https://www.nasdaq.com/symbol/pdfs
PEGA,Pegasystems Inc.,60.9,4756254617.1,n/a,1996,Technology,EDP Services,https://www.nasdaq.com/symbol/pega
PNR,Pentair plc.,67.26,11998267178.94,n/a,n/a,Technology,Industrial Machinery/Components,https://www.nasdaq.com/symbol/pnr
PRFT,"Perficient, Inc.",24.64,861317885.12,n/a,1999,Technology,EDP Services,https://www.nasdaq.com/symbol/prft
PERI,Perion Network Ltd,0.7302,56627060.3838,n/a,n/a,Technology,EDP Services,https://www.nasdaq.com/symbol/peri
PLAB,"Photronics, Inc.",7.8,545055232.8,n/a,1987,Technology,Semiconductors,https://www.nasdaq.com/symbol/plab
PVTL,"Pivotal Software, Inc.",18.17,4548612242.64,n/a,2018,Technology,Computer Software: Prepackaged Software,https://www.nasdaq.com/symbol/pvtl
PXLW,"Pixelworks, Inc.",4.16,148021644.16,n/a,2000,Technology,Semiconductors,https://www.nasdaq.com/symbol/pxlw
PLXS,Plexus Corp.,55.56,1871778563.64,n/a,n/a,Technology,Electrical Products,https://www.nasdaq.com/symbol/plxs
PNTR,Pointer Telocation Ltd.,14.4,118077883.2,n/a,n/a,Technology,Radio And Television Broadcasting And Communications Equipment,https://www.nasdaq.com/symbol/pntr
POWI,"Power Integrations, Inc.",68,2028752052,n/a,1997,Technology,Semiconductors,https://www.nasdaq.com/symbol/powi
PSDO,"Presidio, Inc.",15.3,1406765538,n/a,2017,Technology,Retail: Computer Software & Peripheral Equipment,https://www.nasdaq.com/symbol/psdo
IPDN,"Professional Diversity Network, Inc.",2.78,12051005.32,n/a,2013,Technology,"Computer Software: Programming, Data Processing",https://www.nasdaq.com/symbol/ipdn
PRGS,Progress Software Corporation,37.02,1683012013.74,n/a,1991,Technology,Computer Software: Prepackaged Software,https://www.nasdaq.com/symbol/prgs
PFPT,"Proofpoint, Inc.",117.23,5958564329.86,n/a,2012,Technology,EDP Services,https://www.nasdaq.com/symbol/pfpt
PRO,"PROS Holdings, Inc.",29.58,963980371.92,n/a,2007,Technology,EDP Services,https://www.nasdaq.com/symbol/pro
PTC,PTC Inc.,83.03,9655096222.9,n/a,n/a,Technology,Computer Software: Prepackaged Software,https://www.nasdaq.com/symbol/ptc
PSTG,"Pure Storage, Inc. ",20.26,4644368484.76,n/a,2015,Technology,Electronic Components,https://www.nasdaq.com/symbol/pstg
QTWO,"Q2 Holdings, Inc.",49.35,2074095371.25,n/a,2014,Technology,Computer Software: Prepackaged Software,https://www.nasdaq.com/symbol/qtwo
QADA,QAD Inc.,44.35,854204283.75,n/a,n/a,Technology,Computer Software: Prepackaged Software,https://www.nasdaq.com/symbol/qada
QADB,QAD Inc.,33.51,645420192.75,n/a,n/a,Technology,Computer Software: Prepackaged Software,https://www.nasdaq.com/symbol/qadb
QRVO,"Qorvo, Inc.",67.38,8523138700.62,n/a,n/a,Technology,Semiconductors,https://www.nasdaq.com/symbol/qrvo
QCOM,QUALCOMM Incorporated,51.11,75661368160.78,n/a,1991,Technology,Radio And Television Broadcasting And Communications Equipment,https://www.nasdaq.com/symbol/qcom
QSII,"Quality Systems, Inc.",13.53,862049405.25,n/a,1982,Technology,EDP Services,https://www.nasdaq.com/symbol/qsii
QBAK,Qualstar Corporation,10.46,21396128.74,n/a,2000,Technology,Electronic Components,https://www.nasdaq.com/symbol/qbak
QLYS,"Qualys, Inc.",78.05,3014949898.1,n/a,2012,Technology,Computer Software: Prepackaged Software,https://www.nasdaq.com/symbol/qlys
QTNA,"Quantenna Communications, Inc.",13.3,478917625.2,n/a,2016,Technology,Semiconductors,https://www.nasdaq.com/symbol/qtna
QTM,Quantum Corporation,3.92,135921625.28,n/a,n/a,Technology,Electronic Components,https://www.nasdaq.com/symbol/qtm
QRHC,Quest Resource Holding Corporation.,1.93,29533738.15,n/a,n/a,Technology,Diversified Commercial Services,https://www.nasdaq.com/symbol/qrhc
QUIK,QuickLogic Corporation,1.4,112798753.2,n/a,1999,Technology,Semiconductors,https://www.nasdaq.com/symbol/quik
QUMU,Qumu Corporation,1.78,16692478.66,n/a,n/a,Technology,Computer Software: Prepackaged Software,https://www.nasdaq.com/symbol/qumu
RDCM,Radcom Ltd.,18.15,245628614.55,n/a,1997,Technology,Computer peripheral equipment,https://www.nasdaq.com/symbol/rdcm
RSYS,RadiSys Corporation,0.7751,30547466.8751,n/a,1995,Technology,Computer peripheral equipment,https://www.nasdaq.com/symbol/rsys
RMBS,"Rambus, Inc.",13.62,1505467700.1,n/a,1997,Technology,Semiconductors,https://www.nasdaq.com/symbol/rmbs
RPD,"Rapid7, Inc.",28.07,1291617330.85,n/a,2015,Technology,Computer Software: Prepackaged Software,https://www.nasdaq.com/symbol/rpd
RCMT,"RCM Technologies, Inc.",5.38,65849898.04,n/a,n/a,Technology,Professional Services,https://www.nasdaq.com/symbol/rcmt
RNWK,"RealNetworks, Inc.",3.6,134428993.2,n/a,1997,Technology,EDP Services,https://www.nasdaq.com/symbol/rnwk
RP,"RealPage, Inc.",53.85,4474594344.9,n/a,2010,Technology,Computer Software: Prepackaged Software,https://www.nasdaq.com/symbol/rp
RHT,"Red Hat, Inc.",163.31,28906572233,n/a,n/a,Technology,"Computer Software: Programming, Data Processing",https://www.nasdaq.com/symbol/rht
RDVT,"Red Violet, Inc.",6.3,64679655.6,n/a,n/a,Technology,Computer Software: Prepackaged Software,https://www.nasdaq.com/symbol/rdvt
RWC,RELM Wireless Corporation,3.75,51917190,n/a,n/a,Technology,Radio And Television Broadcasting And Communications Equipment,https://www.nasdaq.com/symbol/rwc
SOL,Renesola Ltd.,2.83,107830641,n/a,2008,Technology,Semiconductors,https://www.nasdaq.com/symbol/sol
RENN,Renren Inc.,10.23,699077187.93,n/a,2011,Technology,EDP Services,https://www.nasdaq.com/symbol/renn
RCII,Rent-A-Center Inc.,10.31,550697319.31,n/a,1995,Technology,Diversified Commercial Services,https://www.nasdaq.com/symbol/rcii
RESN,Resonant Inc.,4.39,116994228.74,n/a,2014,Technology,Semiconductors,https://www.nasdaq.com/symbol/resn
RXN,Rexnord Corporation,28.19,2931159524.81,n/a,2012,Technology,Industrial Machinery/Components,https://www.nasdaq.com/symbol/rxn
RBBN,Ribbon Communications Inc. ,5.75,586089220,n/a,n/a,Technology,EDP Services,https://www.nasdaq.com/symbol/rbbn
RNG,"Ringcentral, Inc.",67.4,5302007183,n/a,2013,Technology,EDP Services,https://www.nasdaq.com/symbol/rng
RHI,Robert Half International Inc.,61.17,7562568461.28,n/a,n/a,Technology,Professional Services,https://www.nasdaq.com/symbol/rhi
RST,Rosetta Stone,13.73,308561663.01,n/a,2009,Technology,Computer Software: Prepackaged Software,https://www.nasdaq.com/symbol/rst
RBCN,"Rubicon Technology, Inc.",6.8572,18794961.1948,n/a,2007,Technology,Semiconductors,https://www.nasdaq.com/symbol/rbcn
RMBL,"RumbleOn, Inc.",5.18,66969842.38,n/a,n/a,Technology,EDP Services,https://www.nasdaq.com/symbol/rmbl
SABR,Sabre Corporation,20.67,6007162858.32,n/a,2014,Technology,"Computer Software: Programming, Data Processing",https://www.nasdaq.com/symbol/sabr
SAIL,"SailPoint Technologies Holdings, Inc.",23.97,2090306726.4,n/a,2017,Technology,Computer Software: Prepackaged Software,https://www.nasdaq.com/symbol/sail
CRM,Salesforce.com Inc,120.22,88929146574.96,n/a,2004,Technology,Computer Software: Prepackaged Software,https://www.nasdaq.com/symbol/crm
SANM,Sanmina Corporation,29.75,2119571296.5,n/a,1993,Technology,Electrical Products,https://www.nasdaq.com/symbol/sanm
SAP,SAP SE,111.35,132885673808.05,n/a,n/a,Technology,Computer Software: Prepackaged Software,https://www.nasdaq.com/symbol/sap
SPNS,Sapiens International Corporation N.V.,9.01,448323490.34,n/a,1992,Technology,Computer Software: Prepackaged Software,https://www.nasdaq.com/symbol/spns
SCSC,"ScanSource, Inc.",34.45,880933179.75,n/a,n/a,Technology,Retail: Computer Software & Peripheral Equipment,https://www.nasdaq.com/symbol/scsc
SAIC,SCIENCE APPLICATIONS INTERNATIONAL CORPORATION,86.17,3643494399.44,n/a,n/a,Technology,EDP Services,https://www.nasdaq.com/symbol/saic
SGMS,Scientific Games Corp,52,4678197160,n/a,n/a,Technology,EDP Services,https://www.nasdaq.com/symbol/sgms
SEAC,"SeaChange International, Inc.",3.22,114678355.12,n/a,1996,Technology,Radio And Television Broadcasting And Communications Equipment,https://www.nasdaq.com/symbol/seac
STX,Seagate Technology PLC,59.52,16952926907.52,n/a,2002,Technology,Electronic Components,https://www.nasdaq.com/symbol/stx
SCWX,SecureWorks Corp.,10.83,885596229.15,n/a,2016,Technology,Computer Software: Prepackaged Software,https://www.nasdaq.com/symbol/scwx
SMI,Semiconductor  Manufacturing International Corporation,6.44,6351499356.16,n/a,2004,Technology,Semiconductors,https://www.nasdaq.com/symbol/smi
LEDS,SemiLEDS Corporation,4.49,15918352.1,n/a,2010,Technology,Semiconductors,https://www.nasdaq.com/symbol/leds
SMTC,Semtech Corporation,39.95,2657518823.9,n/a,n/a,Technology,Semiconductors,https://www.nasdaq.com/symbol/smtc
SEND,"SendGrid, Inc.",28.49,1222396868.77,n/a,2017,Technology,Computer Software: Prepackaged Software,https://www.nasdaq.com/symbol/send
SQNS,Sequans Communications S.A.,1.66,156792723.68,n/a,2011,Technology,Semiconductors,https://www.nasdaq.com/symbol/sqns
NOW,"ServiceNow, Inc.",163.18,28507546000,n/a,2012,Technology,Computer Software: Prepackaged Software,https://www.nasdaq.com/symbol/now
SGOC,"SGOCO Group, Ltd",1.04,12095274.88,n/a,2010,Technology,Radio And Television Broadcasting And Communications Equipment,https://www.nasdaq.com/symbol/sgoc
SEII,Sharing Economy International Inc.,3.2,14226268.8,n/a,n/a,Technology,Industrial Machinery/Components,https://www.nasdaq.com/symbol/seii
SHSP,"SharpSpring, Inc.",6.38,53890201.2,n/a,n/a,Technology,Computer Software: Prepackaged Software,https://www.nasdaq.com/symbol/shsp
PIXY,"ShiftPixy, Inc.",2.59,74593750.84,n/a,2017,Technology,Diversified Commercial Services,https://www.nasdaq.com/symbol/pixy
SHOP,Shopify Inc.,126.62,11760897374.2,n/a,2015,Technology,Computer Software: Prepackaged Software,https://www.nasdaq.com/symbol/shop
SSTI,"ShotSpotter, Inc.",28.34,292787795.04,n/a,2017,Technology,Computer Software: Prepackaged Software,https://www.nasdaq.com/symbol/ssti
SSTK,"Shutterstock, Inc.",42.34,1471138738.58,n/a,2012,Technology,EDP Services,https://www.nasdaq.com/symbol/sstk
SWIR,"Sierra Wireless, Inc.",17.45,627519397.65,n/a,n/a,Technology,Radio And Television Broadcasting And Communications Equipment,https://www.nasdaq.com/symbol/swir
SIFY,Sify Technologies Limited,1.89,47433849.75,25097275,n/a,Technology,"Computer Software: Programming, Data Processing",https://www.nasdaq.com/symbol/sify
SIGM,"Sigma Designs, Inc.",6.25,247345812.5,n/a,1986,Technology,Semiconductors,https://www.nasdaq.com/symbol/sigm
SGMA,"SigmaTron International, Inc.",6.74,28410838.92,n/a,1994,Technology,Electrical Products,https://www.nasdaq.com/symbol/sgma
SILC,Silicom Ltd,36.29,270198138.54,n/a,n/a,Technology,Computer Communications Equipment,https://www.nasdaq.com/symbol/silc
SLAB,"Silicon Laboratories, Inc.",93.65,4042947480.3,n/a,2000,Technology,Semiconductors,https://www.nasdaq.com/symbol/slab
SIMO,Silicon Motion Technology Corporation,46.2,1649936857.8,35712919,2005,Technology,Semiconductors,https://www.nasdaq.com/symbol/simo
SLP,"Simulations Plus, Inc.",16.65,288478133.1,n/a,n/a,Technology,EDP Services,https://www.nasdaq.com/symbol/slp
SINA,Sina Corporation,94.29,6743117291.4,n/a,n/a,Technology,Computer Software: Prepackaged Software,https://www.nasdaq.com/symbol/sina
SWKS,"Skyworks Solutions, Inc.",87.08,15862961203.32,n/a,n/a,Technology,Semiconductors,https://www.nasdaq.com/symbol/swks
SGH,"SMART Global Holdings, Inc.",39,862139265,n/a,2017,Technology,Semiconductors,https://www.nasdaq.com/symbol/sgh
SMSI,"Smith Micro Software, Inc.",1.97,35927217.02,n/a,1995,Technology,Computer Software: Prepackaged Software,https://www.nasdaq.com/symbol/smsi
SMTX,SMTC Corporation,2.41,41192618.93,n/a,2000,Technology,Electrical Products,https://www.nasdaq.com/symbol/smtx
SNAP,Snap Inc.,14.23,17460715762.66,n/a,2017,Technology,"Computer Software: Programming, Data Processing",https://www.nasdaq.com/symbol/snap
SRAX,"Social Reality, Inc.",4.77,48128288.76,n/a,n/a,Technology,Advertising,https://www.nasdaq.com/symbol/srax
SCKT,"Socket Mobile, Inc.",2.87,16872672.6,n/a,n/a,Technology,Computer Manufacturing,https://www.nasdaq.com/symbol/sckt
SOGO,Sogou Inc.,8.81,3499035208.72,n/a,2017,Technology,EDP Services,https://www.nasdaq.com/symbol/sogo
SOHU,Sohu.com Inc.,29.73,1156996107.24,n/a,n/a,Technology,EDP Services,https://www.nasdaq.com/symbol/sohu
SEDG,"SolarEdge Technologies, Inc.",53.1,2382216857.1,n/a,2015,Technology,Semiconductors,https://www.nasdaq.com/symbol/sedg
SOFO,"Sonic Foundry, Inc.",2.38,11171491.52,n/a,n/a,Technology,Radio And Television Broadcasting And Communications Equipment,https://www.nasdaq.com/symbol/sofo
SPA,Sparton Corporation,18.48,181745681.04,n/a,n/a,Technology,Electrical Products,https://www.nasdaq.com/symbol/spa
ANY,Sphere 3D Corp.,0.4884,6243852.12,n/a,n/a,Technology,EDP Services,https://www.nasdaq.com/symbol/any
SPI,"SPI Energy Co., Ltd.",0.4912,35615299.3904,n/a,n/a,Technology,Semiconductors,https://www.nasdaq.com/symbol/spi
SPLK,Splunk Inc.,102.15,14713042148.55,n/a,2012,Technology,Computer Software: Prepackaged Software,https://www.nasdaq.com/symbol/splk
SPSC,"SPS Commerce, Inc.",68.74,1176137894.26,n/a,2010,Technology,Computer Software: Prepackaged Software,https://www.nasdaq.com/symbol/spsc
SPXC,SPX Corporation,31.71,1362083199.54,n/a,n/a,Technology,Industrial Machinery/Components,https://www.nasdaq.com/symbol/spxc
FLOW,"SPX FLOW, Inc.",46.45,1974154913.8,n/a,2015,Technology,Industrial Machinery/Components,https://www.nasdaq.com/symbol/flow
SQ,"Square, Inc.",47.57,18854668525.02,n/a,2015,Technology,Computer Software: Prepackaged Software,https://www.nasdaq.com/symbol/sq
SSNC,"SS&C Technologies Holdings, Inc.",50.01,10392207125.82,n/a,2010,Technology,Computer Software: Prepackaged Software,https://www.nasdaq.com/symbol/ssnc
STAF,"Staffing 360 Solutions, Inc.",1.7,6993932.6,n/a,1996,Technology,Professional Services,https://www.nasdaq.com/symbol/staf
SXI,Standex International Corporation,97.65,1252799600.85,n/a,n/a,Technology,Industrial Machinery/Components,https://www.nasdaq.com/symbol/sxi
SRT,"StarTek, Inc.",9.18,148707939.96,n/a,1997,Technology,Professional Services,https://www.nasdaq.com/symbol/srt
STLR,Stellar Acquisition III Inc.,10.35,93255331.95,n/a,2016,Technology,EDP Services,https://www.nasdaq.com/symbol/stlr
STLRU,Stellar Acquisition III Inc.,10.85,0,n/a,2016,Technology,EDP Services,https://www.nasdaq.com/symbol/stlru
STLRW,Stellar Acquisition III Inc.,0.45,0,n/a,2016,Technology,EDP Services,https://www.nasdaq.com/symbol/stlrw
STM,STMicroelectronics N.V.,21.95,19680156777.7,n/a,n/a,Technology,Semiconductors,https://www.nasdaq.com/symbol/stm
SSYS,"Stratasys, Ltd.",19.01,1019773143.37,n/a,1994,Technology,Computer peripheral equipment,https://www.nasdaq.com/symbol/ssys
STRM,"Streamline Health Solutions, Inc.",1.46,29177724.78,n/a,n/a,Technology,EDP Services,https://www.nasdaq.com/symbol/strm
SPWR,SunPower Corporation,8.96,1261992211.2,n/a,2005,Technology,Semiconductors,https://www.nasdaq.com/symbol/spwr
SMCI,"Super Micro Computer, Inc.",18.1,881343155.2,n/a,2007,Technology,Computer Manufacturing,https://www.nasdaq.com/symbol/smci
SPCB,"SuperCom, Ltd.",2.16,32266812.24,n/a,n/a,Technology,Semiconductors,https://www.nasdaq.com/symbol/spcb
SCON,Superconductor Technologies Inc.,0.94,11220398.36,n/a,1993,Technology,Radio And Television Broadcasting And Communications Equipment,https://www.nasdaq.com/symbol/scon
SPRT,"support.com, Inc.",2.7,50568062.4,n/a,2000,Technology,EDP Services,https://www.nasdaq.com/symbol/sprt
SWCH,"Switch, Inc.",14.04,3547002518.28,n/a,2017,Technology,"Computer Software: Programming, Data Processing",https://www.nasdaq.com/symbol/swch
SYKE,"Sykes Enterprises, Incorporated",29.19,1240482117.42,n/a,1996,Technology,EDP Services,https://www.nasdaq.com/symbol/syke
SYMC,Symantec Corporation,27.8,17278774414.4,n/a,1989,Technology,Computer Software: Prepackaged Software,https://www.nasdaq.com/symbol/symc
SYNC,"Synacor, Inc.",1.75,67894263.5,n/a,2012,Technology,"Computer Software: Programming, Data Processing",https://www.nasdaq.com/symbol/sync
SYNA,Synaptics Incorporated,43.78,1510352385.52,n/a,2002,Technology,Semiconductors,https://www.nasdaq.com/symbol/syna
SNCR,"Synchronoss Technologies, Inc.",11.5,546420717.5,n/a,2006,Technology,EDP Services,https://www.nasdaq.com/symbol/sncr
SNX,Synnex Corporation,99.77,4001692788.83,n/a,2003,Technology,Retail: Computer Software & Peripheral Equipment,https://www.nasdaq.com/symbol/snx
SNPS,"Synopsys, Inc.",85.19,12669892461.66,n/a,1992,Technology,Computer Software: Prepackaged Software,https://www.nasdaq.com/symbol/snps
SYNT,"Syntel, Inc.",28.99,2405159814.46,n/a,1997,Technology,EDP Services,https://www.nasdaq.com/symbol/synt
DATA,"Tableau Software, Inc.",84.09,6856241486.76,n/a,2013,Technology,Computer Software: Prepackaged Software,https://www.nasdaq.com/symbol/data
TSM,Taiwan Semiconductor Manufacturing Company Ltd.,38.17,197949620000,n/a,1997,Technology,Semiconductors,https://www.nasdaq.com/symbol/tsm
TTWO,"Take-Two Interactive Software, Inc.",98.63,11283103046.81,n/a,1997,Technology,Computer Software: Prepackaged Software,https://www.nasdaq.com/symbol/ttwo
TLND,Talend S.A.,49.56,1196455218,24141550,2016,Technology,Computer Software: Prepackaged Software,https://www.nasdaq.com/symbol/tlnd
TECD,Tech Data Corporation,75.96,2898948909.96,n/a,1986,Technology,Retail: Computer Software & Peripheral Equipment,https://www.nasdaq.com/symbol/tecd
TCCO,Technical Communications Corporation,4.65,8597966.25,n/a,n/a,Technology,Radio And Television Broadcasting And Communications Equipment,https://www.nasdaq.com/symbol/tcco
TLRA,"Telaria, Inc.",4.13,215267928.05,n/a,2013,Technology,Advertising,https://www.nasdaq.com/symbol/tlra
TNC,Tennant Company,73.9,1322388843.9,n/a,n/a,Technology,Industrial Machinery/Components,https://www.nasdaq.com/symbol/tnc
TDC,Teradata Corporation,40.93,4948929919.99,n/a,n/a,Technology,Computer Manufacturing,https://www.nasdaq.com/symbol/tdc
TXN,Texas Instruments Incorporated,102.51,100778175352.98,n/a,n/a,Technology,Semiconductors,https://www.nasdaq.com/symbol/txn
TGH,Textainer Group Holdings Limited,17.5,999236857.5,n/a,2007,Technology,Diversified Commercial Services,https://www.nasdaq.com/symbol/tgh
DSGX,The Descartes Systems Group Inc.,29.6,2272495511.2,n/a,n/a,Technology,Computer Software: Prepackaged Software,https://www.nasdaq.com/symbol/dsgx
KEYW,The KEYW Holding Corporation,7.79,388522004.45,n/a,2010,Technology,EDP Services,https://www.nasdaq.com/symbol/keyw
MIDD,The Middleby Corporation,127.96,7128667467.04,n/a,n/a,Technology,Industrial Machinery/Components,https://www.nasdaq.com/symbol/midd
RUBI,"The Rubicon Project, Inc.",2.21,111062926.78,n/a,2014,Technology,"Computer Software: Programming, Data Processing",https://www.nasdaq.com/symbol/rubi
TSG,The Stars Group Inc.,31.25,4643829656.25,n/a,n/a,Technology,"Computer Software: Programming, Data Processing",https://www.nasdaq.com/symbol/tsg
TTD,"The Trade Desk, Inc.",51.74,2174756376,n/a,2016,Technology,"Computer Software: Programming, Data Processing",https://www.nasdaq.com/symbol/ttd
ULTI,"The Ultimate Software Group, Inc.",241.52,7555278634.64,n/a,1998,Technology,Computer Software: Prepackaged Software,https://www.nasdaq.com/symbol/ulti
TNTR,"Tintri, Inc.",1.26,39468362.22,n/a,2017,Technology,EDP Services,https://www.nasdaq.com/symbol/tntr
TISA,"Top Image Systems, Ltd.",1.1278,20223968.994,n/a,1996,Technology,Computer peripheral equipment,https://www.nasdaq.com/symbol/tisa
TSEM,Tower Semiconductor Ltd.,25.93,2558220557.74,n/a,1994,Technology,Semiconductors,https://www.nasdaq.com/symbol/tsem
TACT,TransAct Technologies Incorporated,12.3,91539502.8,n/a,1996,Technology,Computer peripheral equipment,https://www.nasdaq.com/symbol/tact
TZOO,Travelzoo,10.7,133338617.1,n/a,n/a,Technology,EDP Services,https://www.nasdaq.com/symbol/tzoo
TRT,Trio-Tech International,5.5,19541802.5,n/a,n/a,Technology,Industrial Machinery/Components,https://www.nasdaq.com/symbol/trt
TRIP,"TripAdvisor, Inc.",37.27,5179931369.26,n/a,n/a,Technology,"Computer Software: Programming, Data Processing",https://www.nasdaq.com/symbol/trip
TRTN,Triton International Limited,31.35,2533573825.2,n/a,2016,Technology,Diversified Commercial Services,https://www.nasdaq.com/symbol/trtn
TRVG,trivago N.V.,4.62,142834109.88,30916474,2016,Technology,EDP Services,https://www.nasdaq.com/symbol/trvg
TBI,"TrueBlue, Inc.",27.05,1109984334.05,n/a,n/a,Technology,Professional Services,https://www.nasdaq.com/symbol/tbi
TRUE,"TrueCar, Inc.",9.87,995549650.62,n/a,2014,Technology,"Computer Software: Programming, Data Processing",https://www.nasdaq.com/symbol/true
TSRI,"TSR, Inc.",5.3159,10430125.3858,n/a,n/a,Technology,EDP Services,https://www.nasdaq.com/symbol/tsri
TTEC,"TTEC Holdings, Inc.",31.8,1462141422,n/a,1996,Technology,Professional Services,https://www.nasdaq.com/symbol/ttec
TTMI,"TTM Technologies, Inc.",14.14,1462612952.36,n/a,2000,Technology,Electrical Products,https://www.nasdaq.com/symbol/ttmi
TCX,Tucows Inc.,63.55,672928280.9,n/a,n/a,Technology,EDP Services,https://www.nasdaq.com/symbol/tcx
TWLO,Twilio Inc.,41.65,3924730979.4,n/a,2016,Technology,Computer Software: Prepackaged Software,https://www.nasdaq.com/symbol/twlo
TWIN,"Twin Disc, Incorporated",21.82,252782343.44,n/a,n/a,Technology,Industrial Machinery/Components,https://www.nasdaq.com/symbol/twin
TWTR,"Twitter, Inc.",29,21826739452,n/a,2013,Technology,"Computer Software: Programming, Data Processing",https://www.nasdaq.com/symbol/twtr
TYL,"Tyler Technologies, Inc.",221.89,8483514822.75,n/a,n/a,Technology,Computer Software: Prepackaged Software,https://www.nasdaq.com/symbol/tyl
UBNT,"Ubiquiti Networks, Inc.",71.29,5538290902.65,n/a,2011,Technology,Radio And Television Broadcasting And Communications Equipment,https://www.nasdaq.com/symbol/ubnt
UCTT,"Ultra Clean Holdings, Inc.",17.45,675632118.85,n/a,2004,Technology,Semiconductors,https://www.nasdaq.com/symbol/uctt
UIS,Unisys Corporation,11.45,579818954.5,n/a,n/a,Technology,EDP Services,https://www.nasdaq.com/symbol/uis
UMC,United Microelectronics Corporation,2.65,6436774058.95,n/a,n/a,Technology,Semiconductors,https://www.nasdaq.com/symbol/umc
URI,"United Rentals, Inc.",155.31,12983394624.33,n/a,1997,Technology,Diversified Commercial Services,https://www.nasdaq.com/symbol/uri
UPLD,"Upland Software, Inc.",27.25,565938927.25,n/a,2014,Technology,Computer Software: Prepackaged Software,https://www.nasdaq.com/symbol/upld
VRNS,"Varonis Systems, Inc.",64.3,1818862459,n/a,2014,Technology,Computer Software: Prepackaged Software,https://www.nasdaq.com/symbol/vrns
VDSI,"VASCO Data Security International, Inc.",15.3,614461770,n/a,n/a,Technology,EDP Services,https://www.nasdaq.com/symbol/vdsi
VECO,Veeco Instruments Inc.,16,770014512,n/a,1994,Technology,Industrial Machinery/Components,https://www.nasdaq.com/symbol/veco
VEEV,Veeva Systems Inc.,70.92,10098396173.16,n/a,2013,Technology,Computer Software: Prepackaged Software,https://www.nasdaq.com/symbol/veev
VRNT,Verint Systems Inc.,41.7,2661965745.3,n/a,2002,Technology,EDP Services,https://www.nasdaq.com/symbol/vrnt
VRSN,"VeriSign, Inc.",118.3,11475671625.6,n/a,1998,Technology,EDP Services,https://www.nasdaq.com/symbol/vrsn
VRSK,"Verisk Analytics, Inc.",107.12,17689466334.8,n/a,2009,Technology,EDP Services,https://www.nasdaq.com/symbol/vrsk
VERI,"Veritone, Inc.",19.57,317478845.67,n/a,2017,Technology,EDP Services,https://www.nasdaq.com/symbol/veri
VSAT,"ViaSat, Inc.",64.02,3769855599.84,n/a,1996,Technology,Radio And Television Broadcasting And Communications Equipment,https://www.nasdaq.com/symbol/vsat
VIAV,Viavi Solutions Inc.,9.57,2162095455.3,n/a,n/a,Technology,Semiconductors,https://www.nasdaq.com/symbol/viav
VRTU,Virtusa Corporation,47.72,1404382563.96,n/a,2007,Technology,EDP Services,https://www.nasdaq.com/symbol/vrtu
VMW,"Vmware, Inc.",133.05,53923950253.5,n/a,2007,Technology,Computer Software: Prepackaged Software,https://www.nasdaq.com/symbol/vmw
VISI,"Volt Information Sciences, Inc.",2.7,56777568.3,n/a,n/a,Technology,Professional Services,https://www.nasdaq.com/symbol/visi
VUZI,Vuzix Corporation,6.05,165172278.15,n/a,n/a,Technology,Radio And Television Broadcasting And Communications Equipment,https://www.nasdaq.com/symbol/vuzi
WSTG,"Wayside Technology Group, Inc.",13.7,61707581.1,n/a,n/a,Technology,Retail: Computer Software & Peripheral Equipment,https://www.nasdaq.com/symbol/wstg
WEB,"Web.com Group, Inc.",18.5,916082371,n/a,n/a,Technology,Computer Software: Prepackaged Software,https://www.nasdaq.com/symbol/web
WB,Weibo Corporation,111.87,7169449495.23,64087329,2014,Technology,"Computer Software: Programming, Data Processing",https://www.nasdaq.com/symbol/wb
WBT,"Welbilt, Inc.",19.4,2713314652,n/a,2016,Technology,Industrial Machinery/Components,https://www.nasdaq.com/symbol/wbt
WDC,Western Digital Corporation,80.88,24066676983.12,n/a,n/a,Technology,Electronic Components,https://www.nasdaq.com/symbol/wdc
WYY,WidePoint Corporation,0.5624,46696969.028,n/a,n/a,Technology,EDP Services,https://www.nasdaq.com/symbol/wyy
WIT,Wipro Limited,4.75,21373833770.5,n/a,n/a,Technology,EDP Services,https://www.nasdaq.com/symbol/wit
WIX,Wix.com Ltd.,81.65,3828437043.5,n/a,2013,Technology,"Computer Software: Programming, Data Processing",https://www.nasdaq.com/symbol/wix
WDAY,"Workday, Inc.",124.24,26338880000,n/a,n/a,Technology,EDP Services,https://www.nasdaq.com/symbol/wday
WK,Workiva Inc.,22.4,956677321.6,n/a,2014,Technology,Computer Software: Prepackaged Software,https://www.nasdaq.com/symbol/wk
WPP,WPP plc,78.93,19984012181.46,n/a,n/a,Technology,Advertising,https://www.nasdaq.com/symbol/wpp
WSCI,WSI Industries Inc.,4.768,14157183.744,n/a,n/a,Technology,Industrial Machinery/Components,https://www.nasdaq.com/symbol/wsci
XRX,Xerox Corporation,31.28,7966186235.44,n/a,n/a,Technology,Computer peripheral equipment,https://www.nasdaq.com/symbol/xrx
XLNX,"Xilinx, Inc.",64.76,16501833906.24,n/a,1990,Technology,Semiconductors,https://www.nasdaq.com/symbol/xlnx
XPER,Xperi Corporation,22.2,1097566290.6,n/a,n/a,Technology,Semiconductors,https://www.nasdaq.com/symbol/xper
XPLR,Xplore Technologies Corp,3.3,36413533.2,n/a,n/a,Technology,Computer Manufacturing,https://www.nasdaq.com/symbol/xplr
XNET,Xunlei Limited,13.08,468535069.92,35820724,2014,Technology,Computer Software: Prepackaged Software,https://www.nasdaq.com/symbol/xnet
YNDX,Yandex N.V.,32.51,10683911008.55,n/a,2011,Technology,"Computer Software: Programming, Data Processing",https://www.nasdaq.com/symbol/yndx
YEXT,"Yext, Inc.",13.24,1246865176.68,n/a,2017,Technology,EDP Services,https://www.nasdaq.com/symbol/yext
YGE,Yingli Green Energy Holding Company Limited,1.88,34171588.76,n/a,2007,Technology,Semiconductors,https://www.nasdaq.com/symbol/yge
YY,YY Inc.,93.28,4479534415.84,48022453,2012,Technology,EDP Services,https://www.nasdaq.com/symbol/yy
ZBRA,Zebra Technologies Corporation,135.13,7210635309.77,n/a,1991,Technology,Industrial Machinery/Components,https://www.nasdaq.com/symbol/zbra
ZDGE,"Zedge, Inc.",4.25,43304172.25,n/a,2016,Technology,Computer Software: Prepackaged Software,https://www.nasdaq.com/symbol/zdge
ZEN,"Zendesk, Inc.",48.47,5053193415.74,n/a,2014,Technology,EDP Services,https://www.nasdaq.com/symbol/zen
ZIXI,Zix Corporation,4.96,269694801.92,n/a,n/a,Technology,EDP Services,https://www.nasdaq.com/symbol/zixi
ZS,"Zscaler, Inc.",28.71,3368587565.97,n/a,2018,Technology,EDP Services,https://www.nasdaq.com/symbol/zs
ZUO,"Zuora, Inc.",19.61,2029796233.42,n/a,2018,Technology,Computer Software: Prepackaged Software,https://www.nasdaq.com/symbol/zuo
ZNGA,Zynga Inc.,3.48,3020015562.72,n/a,2011,Technology,EDP Services,https://www.nasdaq.com/symbol/znga
